[Licensing::Module] Trying to connect to existing licensing client channel...
Built from '6000.6/respin/6000.6.0f1-fa21a270ab12' branch; Version is '6000.6.0f1 (f7f8ed4d1e24) revision 16251117'; Using compiler version '194234433'; Build Type 'Release'
[Licensing::IpcConnector] Successfully connected to: "LicenseClient-Tyler" at "2026-09-10T12:45:21.6838269Z"
OS: 'Windows 11  (10.0.26200) Enterprise' Language: 'en' Physical Memory: 15556 MB
BatchMode: 1, IsHumanControllingUs: 0, StartBugReporterOnCrash: 0, Is64bit: 1
System  architecture: x64
Process architecture: x64
Date: 2026-09-10T12:45:21Z
[Licensing::Client] Code 10 while verifying Licensing Client signature (process Id: 3472, path: "C:/Program Files/Unity Hub/UnityLicensingClient_V1/Unity.Licensing.Client.exe")
[Licensing::Module] LicensingClient has failed validation; ignoring
[Licensing::Client] Handshaking with LicensingClient:
  Version:                 1.18.3+d7ffd15
  Session Id:              1a6eb93296404ab78f5036b3c76990a5
  Correlation Id:          123c22aacafffbfedfb1e4aaaf0ec1c5
  External correlation Id: 8435838361472067882
  Machine Id:              MBQNQtSNjRPm8ykxHPEdcWtlsYU=
[Licensing::Module] Successfully connected to LicensingClient on channel: "LicenseClient-Tyler" (connect: 0.00s, validation: 0.00s, handshake: 0.05s)
[Licensing::IpcConnector] Successfully connected to: "LicenseClient-Tyler-notifications" at "2026-09-10T12:45:21.7394657Z"
[Licensing::Module] Licensing Background thread has ended after 0.06s

COMMAND LINE ARGUMENTS:
C:\Program Files\Unity\Hub\Editor\6000.6.0f1\Editor\Unity.exe
-adb2
-batchMode
-noUpm
-name
AssetImportWorkerHW0
-projectPath
C:/Users/Tyler/MathGame
-logFile
Logs/AssetImportWorkerHW0.log
-srvPort
56996
-parentPid
30028
-analyticsCloudUserId
anonymous
-analyticsCloudProjectId
c3448738-54e1-4773-af26-66659b0cbb13
-analyticsLocalProjectId
9e65b0d2b3bf6f744b056ded4a0cb1df
-editorAnalyticsEnabled
1
-cbmEditorLicense
d14ac62c52c9533266505023d0d99b2ce5df5d06
-cbmMachineId
MBQNQtSNjRPm8ykxHPEdcWtlsYU=
-licensingIpc
LicenseClient-Tyler
-noDiagnosticSwitchPersistentStore
-job-worker-count
7
-background-job-worker-count
8
-asset-garbage-collectors
1
-force-d3d12
-name
AssetImport
Successfully changed project path to: C:/Users/Tyler/MathGame
C:/Users/Tyler/MathGame
[UnityMemory] Configuration Parameters - Can be set up in boot.config
    "memorysetup-temp-allocator-size-gi-baking-worker=262144"
    "memorysetup-temp-allocator-size-gi-baking-worker=262144"
    "memorysetup-temp-allocator-size-gi-baking-worker=262144"
    "memorysetup-temp-allocator-size-gi-baking-worker=262144"
    "memorysetup-temp-allocator-size-gi-baking-worker=262144"
    "memorysetup-temp-allocator-size-nav-mesh-worker=65536"
    "memorysetup-temp-allocator-size-audio-worker=65536"
    "memorysetup-temp-allocator-size-cloud-worker=32768"
    "memorysetup-temp-allocator-size-gfx=262144"
    "memorysetup-remapper-allocator-initial-capacity=32768"
    "memorysetup-temp-allocator-size-preload-manager=33554432"
    "memorysetup-allocator-temp-initial-block-size-main=262144"
    "memorysetup-allocator-temp-initial-block-size-worker=262144"
    "memorysetup-temp-allocator-size-job-worker=262144"
    "memorysetup-temp-allocator-size-background-worker=32768"
    "memorysetup-bucket-allocator-granularity=16"
    "memorysetup-bucket-allocator-bucket-count=8"
    "memorysetup-bucket-allocator-block-size=33554432"
    "memorysetup-bucket-allocator-block-count=8"
    "memorysetup-main-allocator-block-size=16777216"
    "memorysetup-thread-allocator-block-size=16777216"
    "memorysetup-main-allocator-mimalloc-enabled=1"
    "memorysetup-gfx-main-allocator-block-size=16777216"
    "memorysetup-gfx-thread-allocator-block-size=16777216"
    "memorysetup-cache-allocator-block-size=4194304"
    "memorysetup-typetree-allocator-block-size=2097152"
    "memorysetup-profiler-bucket-allocator-granularity=16"
    "memorysetup-profiler-bucket-allocator-bucket-count=8"
    "memorysetup-profiler-bucket-allocator-block-size=33554432"
    "memorysetup-profiler-bucket-allocator-block-count=8"
    "memorysetup-profiler-allocator-block-size=16777216"
    "memorysetup-profiler-editor-allocator-block-size=1048576"
    "memorysetup-temp-allocator-size-main=16777216"
    "memorysetup-job-temp-allocator-block-size=2097152"
    "memorysetup-job-temp-allocator-block-size-background=1048576"
    "memorysetup-job-temp-allocator-reduction-small-platforms=262144"
Player connection [27204]  Target information:

Player connection [27204]  * "[IP] 192.168.254.120 [Port] 0 [Flags] 2 [Guid] 3737165905 [EditorId] 3737165905 [Version] 1048832 [Id] WindowsEditor(7,DESKTOP-U33K990) [Debug] 1 [PackageName] WindowsEditor [ProjectName] Editor" 

Player connection [27204] Host joined multi-casting on [225.0.0.222:54997]...
Player connection [27204] Host joined alternative multi-casting on [225.0.0.222:34997]...
JobSystem: Creating JobQueue using job-worker-count value 7
Input System module state changed to: Initialized.
[Physics::Module] Initialized fallback backend.
[Physics::Module] Id: 0xdecafbad
Library Redirect Path: Library/
Initialising UDS system complete:
  - System type: Client
  - Resource namespace: 380a62536625f5cbecc2d6b374bbaf57
  - Shared memory size: 1073741824
  - Command buffer id: 1052576
  - Command buffer size: 8192
  - Hashmap size: 4194304
  - Service connected: true
  - Service working directory: Library/DataStore/
[Physics::Module] Selected backend.
[Physics::Module] Name: PhysX
[Physics::Module] Id: 0xf2b8ea05
[Physics::Module] SDK Version: 4.1.2
[Physics::Module] Integration Version: 1.0.0
[Physics::Module] Threading Mode: Multi-Threaded
Refreshing native plugins compatible for Editor in 7.62 ms, found 5 plugins.
Initialize engine version: 6000.6.0f1 (f7f8ed4d1e24)
[EntityIdStore] init: VM path (explicit commit), pageSize=4096, blockCount=1048576, entitiesPerBlock=256, slots reserved=4294967296 bytes
[Subsystems] Discovering subsystems at path C:/Program Files/Unity/Hub/Editor/6000.6.0f1/Editor/Data/Resources/UnitySubsystems
[Subsystems] Discovering subsystems at path C:/Users/Tyler/MathGame/Assets
Forcing GfxDevice: Direct3D 12
GfxDevice: creating device client; kGfxThreadingModeNonThreaded
d3d12: failed to query info queue interface (0x80004002).
Direct3D:
    Version:         Direct3D 12 [level 12.2]
    Renderer:        NVIDIA GeForce RTX 3060 Laptop GPU (ID=0x2560)
    Vendor:          NVIDIA
    VRAM:            5994 MB
    App VRAM Budget: 5226 MB
    Driver:          32.0.16.1088
Initialize mono
Mono path[0] = 'C:/Program Files/Unity/Hub/Editor/6000.6.0f1/Editor/Data/Managed'
Mono path[1] = 'C:/Program Files/Unity/Hub/Editor/6000.6.0f1/Editor/Data/BCLExtensions/runtime/netstandard2.1'
Mono path[2] = 'C:/Program Files/Unity/Hub/Editor/6000.6.0f1/Editor/Data/MonoBleedingEdge/lib/mono/unityjit-win32'
Mono config path = 'C:/Program Files/Unity/Hub/Editor/6000.6.0f1/Editor/Data/MonoBleedingEdge/etc'
Using monoOptions --debugger-agent=transport=dt_socket,embedding=1,server=y,suspend=n,address=127.0.0.1:56684
CodeReloadManager initialized
Begin MonoManager ReloadAssembly
Registering precompiled unity dll's ...
Register platform support module: C:/Program Files/Unity/Hub/Editor/6000.6.0f1/Editor/Data/PlaybackEngines/WebGLSupport/UnityEditor.WebGL.Extensions.dll
Register platform support module: C:/Program Files/Unity/Hub/Editor/6000.6.0f1/Editor/Data/PlaybackEngines/WindowsStandaloneSupport/UnityEditor.WindowsStandalone.Extensions.dll
Registered in 0.003585 seconds.
Native extension for WindowsStandalone target not found
Native extension for WebGL target not found
Package Manager log level set to [2]
[Package Manager] Failed to launch server process. Reason: Unity was launched with the -noUpm command-line argument
[Package Manager] Unable to send message (not connected to server process).
[Package Manager] Cannot connect to Unity Package Manager local server
ScheduleIndexationOnStartup MainProcess:False IndexOnStartup:True
Scripting: successfully reloaded assembly
- Finished resetting the current domain, in  1.208 seconds
Domain Reload Profiling: 2004ms
	BeginReloadAssembly (180ms)
	RebuildCommonClasses (8ms)
	RebuildNativeTypeToScriptingClass (23ms)
	initialDomainReloadingComplete (120ms)
	LoadAllAssembliesAndSetupDomain (462ms)
		LoadAssemblies (174ms)
		TypeCache.Refresh (298ms)
			TypeCache.ScanAssembly (280ms)
		AnalyzeDomain (1ms)
	FinalizeReload (1210ms)
		SetupLoadedEditorAssemblies (0ms)
			InitializePlatformSupportModulesInManaged (3ms)
			BeforeProcessingInitializeOnLoad (175ms)
			ProcessInitializeOnLoadAttributes (253ms)
			ProcessInitializeOnLoadMethodAttributes (641ms)
Initializing Unity extensions:
[Licensing::Client] Successfully resolved entitlement details
[Licensing::Module] License group:
  Id: 18968282623862-UnityPersXXXX
  Product: Unity Personal
  Type: Assigned
  Expiration: Unlimited
========================================================================
Worker process is ready to serve import requests
Import Worker Mode flag is 0x00
Begin MonoManager ReloadAssembly
'Packages/com.unity.render-pipelines.core/Editor/Deprecated.cs' contains partial class of Unity.Object, exactly 1 of the partial classes needs to be in a file with the same filename. This is to know the one that can be referenced from ie. GameObjects
'Packages/com.unity.render-pipelines.core/Editor/Deprecated.cs' contains partial class of Unity.Object, exactly 1 of the partial classes needs to be in a file with the same filename. This is to know the one that can be referenced from ie. GameObjects
Refreshing native plugins compatible for Editor in 10.76 ms, found 5 plugins.
Native extension for WindowsStandalone target not found
Native extension for WebGL target not found
[Package Manager] Failed to launch server process. Reason: Unity was launched with the -noUpm command-line argument
[Package Manager] Unable to send message (not connected to server process).
[Package Manager] Cannot connect to Unity Package Manager local server
Refreshing native plugins compatible for Editor in 4.92 ms, found 5 plugins.
[Package Manager] Failed to launch server process. Reason: Unity was launched with the -noUpm command-line argument
[Package Manager] Unable to send message (not connected to server process).
[Package Manager] Cannot connect to Unity Package Manager local server
ScheduleIndexationOnStartup MainProcess:False IndexOnStartup:True
Scripting: successfully reloaded assembly
- Finished resetting the current domain, in  1.929 seconds
Domain Reload Profiling: 4413ms
	BeginReloadAssembly (484ms)
		DisableScriptedObjects (36ms)
		CreateAndSetChildDomain (91ms)
	RebuildCommonClasses (19ms)
	RebuildNativeTypeToScriptingClass (41ms)
	initialDomainReloadingComplete (137ms)
	LoadAllAssembliesAndSetupDomain (1800ms)
		LoadAssemblies (914ms)
		TypeCache.Refresh (483ms)
			TypeCache.ScanAssembly (453ms)
		AnalyzeDomain (216ms)
			BuildScriptInfoCaches (197ms)
			ResolveRequiredComponents (14ms)
	FinalizeReload (1932ms)
		SetupLoadedEditorAssemblies (0ms)
			LogAssemblyErrors (5ms)
			InitializePlatformSupportModulesInManaged (4ms)
			BeforeProcessingInitializeOnLoad (263ms)
			ProcessInitializeOnLoadAttributes (686ms)
			ProcessInitializeOnLoadMethodAttributes (463ms)
			AfterProcessingInitializeOnLoad (16ms)
			EditorAssembliesLoaded (3ms)
		AwakeInstancesAfterBackupRestoration (16ms)
AcceleratorClientConnectionCallback - disconnected - :0
Launched and connected shader compiler UnityShaderCompiler.exe after 0.02 seconds
Refreshing native plugins compatible for Editor in 4.03 ms, found 5 plugins.
Unloading 24 Unused Serialized files (Serialized files now loaded: 0)
Unloading 7514 unused Assets / (7.4 MB). Loaded Objects now: 8481.
Memory consumption went from 368.1 MB to 360.7 MB.
Total: 16.034000 ms (FindLiveObjects: 0.691100 ms CreateObjectMapping: 0.523700 ms MarkObjects: 10.657300 ms  DeleteObjects: 3.784200 ms)

========================================================================
Received Prepare
AcceleratorClientConnectionCallback - disconnected - :0
Begin MonoManager ReloadAssembly
'Packages/com.unity.render-pipelines.core/Editor/Deprecated.cs' contains partial class of Unity.Object, exactly 1 of the partial classes needs to be in a file with the same filename. This is to know the one that can be referenced from ie. GameObjects
'Packages/com.unity.render-pipelines.core/Editor/Deprecated.cs' contains partial class of Unity.Object, exactly 1 of the partial classes needs to be in a file with the same filename. This is to know the one that can be referenced from ie. GameObjects
Refreshing native plugins compatible for Editor in 3.13 ms, found 5 plugins.
Native extension for WindowsStandalone target not found
Native extension for WebGL target not found
[Package Manager] Failed to launch server process. Reason: Unity was launched with the -noUpm command-line argument
[Package Manager] Unable to send message (not connected to server process).
[Package Manager] Cannot connect to Unity Package Manager local server
[Package Manager] Failed to launch server process. Reason: Unity was launched with the -noUpm command-line argument
[Package Manager] Unable to send message (not connected to server process).
[Package Manager] Cannot connect to Unity Package Manager local server
ScheduleIndexationOnStartup MainProcess:False IndexOnStartup:True
Scripting: successfully reloaded assembly
- Finished resetting the current domain, in  1.393 seconds
Domain Reload Profiling: 2749ms
	BeginReloadAssembly (433ms)
		DisableScriptedObjects (28ms)
		CreateAndSetChildDomain (92ms)
	RebuildCommonClasses (17ms)
	RebuildNativeTypeToScriptingClass (33ms)
	initialDomainReloadingComplete (114ms)
	LoadAllAssembliesAndSetupDomain (757ms)
		LoadAssemblies (630ms)
		TypeCache.Refresh (11ms)
		AnalyzeDomain (14ms)
			ResolveRequiredComponents (9ms)
	FinalizeReload (1395ms)
		SetupLoadedEditorAssemblies (0ms)
			LogAssemblyErrors (3ms)
			InitializePlatformSupportModulesInManaged (3ms)
			BeforeProcessingInitializeOnLoad (208ms)
			ProcessInitializeOnLoadAttributes (524ms)
			ProcessInitializeOnLoadMethodAttributes (164ms)
			AfterProcessingInitializeOnLoad (13ms)
		AwakeInstancesAfterBackupRestoration (42ms)
Refreshing native plugins compatible for Editor in 4.84 ms, found 5 plugins.
Unloading 24 Unused Serialized files (Serialized files now loaded: 0)
Unloading 7512 unused Assets / (6.0 MB). Loaded Objects now: 8485.
Memory consumption went from 358.6 MB to 352.7 MB.
Total: 12.153700 ms (FindLiveObjects: 0.718800 ms CreateObjectMapping: 0.384200 ms MarkObjects: 8.835000 ms  DeleteObjects: 1.949900 ms)

Prepare: number of updated asset objects reloaded= 0
========================================================================
Received Import Request.
  Time of request: 2026-09-10T12:46:10.9850382Z
  Time since last request: 8532.71544329999961 seconds.
  importAddress: GUID: 8c9cfa26abfee488c85f1582747f6a02 - Path: Assets/Scenes/SampleScene.unity - Importer: ScriptedImporter/UnityEditor.QuickSearchModule:UnityEditor.Search:ASIAI0B
Importing 'GUID: 8c9cfa26abfee488c85f1582747f6a02 - Path: Assets/Scenes/SampleScene.unity - Importer: ScriptedImporter/UnityEditor.QuickSearchModule:UnityEditor.Search:ASIAI0B' with importer (ScriptedImporter : UnityEditor.QuickSearchModule:UnityEditor.Search:ASIAI0B)
Imported 'GUID: 8c9cfa26abfee488c85f1582747f6a02' -> (Import Result ID: '25825aa2c065914f86d64b8f13762be9') in 0.151 seconds [static and dynamic dependencies]. Details - ImportResultOutputID=05cbd9a659e957bc34c9999838b13b83 DependenciesID=4b83af608610492a6e010a1fff8bd257 StaticDependenciesID=51a2946f8073bcc26baae3b60724e3a4 
Number of updated asset objects reloaded before import = 0
Number of asset objects unloaded after import = 1
========================================================================
Received Import Request.
  Time of request: 2026-09-10T12:47:07.8040891Z
  Time since last request: 56.6441354 seconds.
  importAddress: GUID: 15849b12d814b4f4abfd53038ecfa577 - Path: Assets/Scripts/FinishZone.cs - Importer: PreviewImporter
Importing 'GUID: 15849b12d814b4f4abfd53038ecfa577 - Path: Assets/Scripts/FinishZone.cs - Importer: PreviewImporter' with importer (PreviewImporter)
Imported 'GUID: 15849b12d814b4f4abfd53038ecfa577' -> (Import Result ID: '7193f81392b5fbc5b0ff909302d732f1') in 0.003 seconds [static and dynamic dependencies]. Details - ImportResultOutputID=b635b18b65c500670ddf181859126724 DependenciesID=8762d9b386200e736524038fbd35cc14 StaticDependenciesID=4ea8130ad8c9dfd178f2faa75733cac8 
Number of updated asset objects reloaded before import = 0
Number of asset objects unloaded after import = 0
========================================================================
Received Prepare
AcceleratorClientConnectionCallback - disconnected - :0
'Packages/com.unity.render-pipelines.core/Editor/Deprecated.cs' contains partial class of Unity.Object, exactly 1 of the partial classes needs to be in a file with the same filename. This is to know the one that can be referenced from ie. GameObjects
'Packages/com.unity.render-pipelines.core/Editor/Deprecated.cs' contains partial class of Unity.Object, exactly 1 of the partial classes needs to be in a file with the same filename. This is to know the one that can be referenced from ie. GameObjects
Refreshing native plugins compatible for Editor in 2.61 ms, found 5 plugins.
Unloading 24 Unused Serialized files (Serialized files now loaded: 0)
Unloading 7493 unused Assets / (6.4 MB). Loaded Objects now: 8483.
Memory consumption went from 359.6 MB to 353.2 MB.
Total: 10.830300 ms (FindLiveObjects: 0.699600 ms CreateObjectMapping: 0.385500 ms MarkObjects: 7.101500 ms  DeleteObjects: 2.280300 ms)

Prepare: number of updated asset objects reloaded= 0
========================================================================
Received Prepare
AcceleratorClientConnectionCallback - disconnected - :0
[Licensing::Client] Successfully resolved entitlement details
Begin MonoManager ReloadAssembly
'Packages/com.unity.render-pipelines.core/Editor/Deprecated.cs' contains partial class of Unity.Object, exactly 1 of the partial classes needs to be in a file with the same filename. This is to know the one that can be referenced from ie. GameObjects
'Packages/com.unity.render-pipelines.core/Editor/Deprecated.cs' contains partial class of Unity.Object, exactly 1 of the partial classes needs to be in a file with the same filename. This is to know the one that can be referenced from ie. GameObjects
Refreshing native plugins compatible for Editor in 5.60 ms, found 5 plugins.
Native extension for WindowsStandalone target not found
Native extension for WebGL target not found
[Package Manager] Failed to launch server process. Reason: Unity was launched with the -noUpm command-line argument
[Package Manager] Unable to send message (not connected to server process).
[Package Manager] Cannot connect to Unity Package Manager local server
[Package Manager] Failed to launch server process. Reason: Unity was launched with the -noUpm command-line argument
[Package Manager] Unable to send message (not connected to server process).
[Package Manager] Cannot connect to Unity Package Manager local server
ScheduleIndexationOnStartup MainProcess:False IndexOnStartup:True
Scripting: successfully reloaded assembly
- Finished resetting the current domain, in  1.558 seconds
Domain Reload Profiling: 3507ms
	BeginReloadAssembly (514ms)
		DisableScriptedObjects (31ms)
		CreateAndSetChildDomain (105ms)
	RebuildCommonClasses (22ms)
	RebuildNativeTypeToScriptingClass (38ms)
	initialDomainReloadingComplete (118ms)
	LoadAllAssembliesAndSetupDomain (1254ms)
		LoadAssemblies (737ms)
		TypeCache.Refresh (17ms)
		AnalyzeDomain (382ms)
			BuildScriptInfoCaches (368ms)
			ResolveRequiredComponents (10ms)
	FinalizeReload (1560ms)
		SetupLoadedEditorAssemblies (0ms)
			LogAssemblyErrors (4ms)
			InitializePlatformSupportModulesInManaged (4ms)
			BeforeProcessingInitializeOnLoad (251ms)
			ProcessInitializeOnLoadAttributes (555ms)
			ProcessInitializeOnLoadMethodAttributes (175ms)
			AfterProcessingInitializeOnLoad (20ms)
			EditorAssembliesLoaded (4ms)
		AwakeInstancesAfterBackupRestoration (51ms)
Refreshing native plugins compatible for Editor in 5.19 ms, found 5 plugins.
Unloading 24 Unused Serialized files (Serialized files now loaded: 0)
Unloading 7508 unused Assets / (7.2 MB). Loaded Objects now: 8486.
Memory consumption went from 369.8 MB to 362.6 MB.
Total: 14.574200 ms (FindLiveObjects: 0.817300 ms CreateObjectMapping: 0.439700 ms MarkObjects: 9.524700 ms  DeleteObjects: 3.452300 ms)

Prepare: number of updated asset objects reloaded= 0
========================================================================
Received Prepare
AcceleratorClientConnectionCallback - disconnected - :0
'Packages/com.unity.render-pipelines.core/Editor/Deprecated.cs' contains partial class of Unity.Object, exactly 1 of the partial classes needs to be in a file with the same filename. This is to know the one that can be referenced from ie. GameObjects
'Packages/com.unity.render-pipelines.core/Editor/Deprecated.cs' contains partial class of Unity.Object, exactly 1 of the partial classes needs to be in a file with the same filename. This is to know the one that can be referenced from ie. GameObjects
Refreshing native plugins compatible for Editor in 2.30 ms, found 5 plugins.
Unloading 24 Unused Serialized files (Serialized files now loaded: 0)
Unloading 7494 unused Assets / (6.5 MB). Loaded Objects now: 8487.
Memory consumption went from 371.7 MB to 365.2 MB.
Total: 11.581600 ms (FindLiveObjects: 0.716200 ms CreateObjectMapping: 0.496200 ms MarkObjects: 7.349100 ms  DeleteObjects: 2.717000 ms)

Prepare: number of updated asset objects reloaded= 0
========================================================================
Received Import Request.
  Time of request: 2026-09-10T12:49:57.7115276Z
  Time since last request: 169.89157829999999 seconds.
  importAddress: GUID: 7838be0cf6c3e4444a47044fd4f03260 - Path: Assets/Scripts/PlayerController.cs - Importer: PreviewImporter
Importing 'GUID: 7838be0cf6c3e4444a47044fd4f03260 - Path: Assets/Scripts/PlayerController.cs - Importer: PreviewImporter' with importer (PreviewImporter)
Imported 'GUID: 7838be0cf6c3e4444a47044fd4f03260' -> (Import Result ID: '1a5904bfdb17b03cd066d565be638223') in 0.002 seconds [static and dynamic dependencies]. Details - ImportResultOutputID=777802bbfc5a0f258a017cf040b7fec1 DependenciesID=1c08ae964fc11b1b55190472979a4109 StaticDependenciesID=6e774a88b081c0e2875116b6c27e8077 
Number of updated asset objects reloaded before import = 0
Number of asset objects unloaded after import = 0
========================================================================
Received Import Request.
  Time of request: 2026-09-10T12:49:57.9928498Z
  Time since last request: 0.2638678 seconds.
  importAddress: GUID: 7838be0cf6c3e4444a47044fd4f03260 - Path: Assets/Scripts/PlayerController.cs - Importer: ScriptedImporter/UnityEditor.QuickSearchModule:UnityEditor.Search:ASIAI0B
Importing 'GUID: 7838be0cf6c3e4444a47044fd4f03260 - Path: Assets/Scripts/PlayerController.cs - Importer: ScriptedImporter/UnityEditor.QuickSearchModule:UnityEditor.Search:ASIAI0B' with importer (ScriptedImporter : UnityEditor.QuickSearchModule:UnityEditor.Search:ASIAI0B)
Imported 'GUID: 7838be0cf6c3e4444a47044fd4f03260' -> (Import Result ID: '331d5666e06e2abe0c064faa9ce5229f') in 0.085 seconds [static and dynamic dependencies]. Details - ImportResultOutputID=e7d0bbab910d614af6fe87f3eca1df76 DependenciesID=a7295cfc9211251f686cfcf1b7ce15e5 StaticDependenciesID=c984c2f0397f6dfb13100de5fd12c03b 
Number of updated asset objects reloaded before import = 0
Number of asset objects unloaded after import = 0
========================================================================
Received Prepare
AcceleratorClientConnectionCallback - disconnected - :0
[Licensing::Client] Successfully resolved entitlement details
Begin MonoManager ReloadAssembly
'Packages/com.unity.render-pipelines.core/Editor/Deprecated.cs' contains partial class of Unity.Object, exactly 1 of the partial classes needs to be in a file with the same filename. This is to know the one that can be referenced from ie. GameObjects
'Packages/com.unity.render-pipelines.core/Editor/Deprecated.cs' contains partial class of Unity.Object, exactly 1 of the partial classes needs to be in a file with the same filename. This is to know the one that can be referenced from ie. GameObjects
Refreshing native plugins compatible for Editor in 2.21 ms, found 5 plugins.
Native extension for WindowsStandalone target not found
Native extension for WebGL target not found
[Package Manager] Failed to launch server process. Reason: Unity was launched with the -noUpm command-line argument
[Package Manager] Unable to send message (not connected to server process).
[Package Manager] Cannot connect to Unity Package Manager local server
[Package Manager] Failed to launch server process. Reason: Unity was launched with the -noUpm command-line argument
[Package Manager] Unable to send message (not connected to server process).
[Package Manager] Cannot connect to Unity Package Manager local server
ScheduleIndexationOnStartup MainProcess:False IndexOnStartup:True
Scripting: successfully reloaded assembly
- Finished resetting the current domain, in  0.888 seconds
Domain Reload Profiling: 2223ms
	BeginReloadAssembly (373ms)
		DisableScriptedObjects (28ms)
		CreateAndSetChildDomain (87ms)
	RebuildCommonClasses (13ms)
	RebuildNativeTypeToScriptingClass (25ms)
	initialDomainReloadingComplete (100ms)
	LoadAllAssembliesAndSetupDomain (822ms)
		LoadAssemblies (514ms)
		TypeCache.Refresh (12ms)
		AnalyzeDomain (234ms)
			BuildScriptInfoCaches (225ms)
			ResolveRequiredComponents (6ms)
	FinalizeReload (889ms)
		SetupLoadedEditorAssemblies (0ms)
			LogAssemblyErrors (3ms)
			InitializePlatformSupportModulesInManaged (3ms)
			BeforeProcessingInitializeOnLoad (142ms)
			ProcessInitializeOnLoadAttributes (329ms)
			ProcessInitializeOnLoadMethodAttributes (107ms)
			AfterProcessingInitializeOnLoad (9ms)
		AwakeInstancesAfterBackupRestoration (27ms)
Refreshing native plugins compatible for Editor in 3.21 ms, found 5 plugins.
Unloading 24 Unused Serialized files (Serialized files now loaded: 0)
Unloading 7509 unused Assets / (6.5 MB). Loaded Objects now: 8490.
Memory consumption went from 373.0 MB to 366.5 MB.
Total: 9.800000 ms (FindLiveObjects: 0.794900 ms CreateObjectMapping: 0.376400 ms MarkObjects: 6.466800 ms  DeleteObjects: 1.892700 ms)

Prepare: number of updated asset objects reloaded= 0
========================================================================
Received Import Request.
  Time of request: 2026-09-10T12:50:10.6746553Z
  Time since last request: 12.5821227 seconds.
  importAddress: GUID: 7838be0cf6c3e4444a47044fd4f03260 - Path: Assets/Scripts/PlayerController.cs - Importer: PreviewImporter
Importing 'GUID: 7838be0cf6c3e4444a47044fd4f03260 - Path: Assets/Scripts/PlayerController.cs - Importer: PreviewImporter' with importer (PreviewImporter)
Imported 'GUID: 7838be0cf6c3e4444a47044fd4f03260' -> (Import Result ID: '4dcf6f90cb471378c571c09c211c4d1f') in 0.002 seconds [static and dynamic dependencies]. Details - ImportResultOutputID=777802bbfc5a0f258a017cf040b7fec1 DependenciesID=8b0dbee93f9a6426ce9ff278637ca91c StaticDependenciesID=6e774a88b081c0e2875116b6c27e8077 
Number of updated asset objects reloaded before import = 0
Number of asset objects unloaded after import = 0
========================================================================
Received Prepare
AcceleratorClientConnectionCallback - disconnected - :0
[Licensing::Client] Successfully resolved entitlement details
Begin MonoManager ReloadAssembly
'Packages/com.unity.render-pipelines.core/Editor/Deprecated.cs' contains partial class of Unity.Object, exactly 1 of the partial classes needs to be in a file with the same filename. This is to know the one that can be referenced from ie. GameObjects
'Packages/com.unity.render-pipelines.core/Editor/Deprecated.cs' contains partial class of Unity.Object, exactly 1 of the partial classes needs to be in a file with the same filename. This is to know the one that can be referenced from ie. GameObjects
Refreshing native plugins compatible for Editor in 9.09 ms, found 5 plugins.
Native extension for WindowsStandalone target not found
Native extension for WebGL target not found
[Package Manager] Failed to launch server process. Reason: Unity was launched with the -noUpm command-line argument
[Package Manager] Unable to send message (not connected to server process).
[Package Manager] Cannot connect to Unity Package Manager local server
[Package Manager] Failed to launch server process. Reason: Unity was launched with the -noUpm command-line argument
[Package Manager] Unable to send message (not connected to server process).
[Package Manager] Cannot connect to Unity Package Manager local server
ScheduleIndexationOnStartup MainProcess:False IndexOnStartup:True
Scripting: successfully reloaded assembly
- Finished resetting the current domain, in  1.087 seconds
Domain Reload Profiling: 5489ms
	BeginReloadAssembly (1817ms)
		ExecutionOrderSort (13ms)
		DisableScriptedObjects (394ms)
		ReleaseScriptingObjects (5ms)
		CreateAndSetChildDomain (390ms)
	RebuildCommonClasses (24ms)
	RebuildNativeTypeToScriptingClass (47ms)
	initialDomainReloadingComplete (160ms)
	LoadAllAssembliesAndSetupDomain (2352ms)
		LoadAssemblies (1641ms)
		TypeCache.Refresh (67ms)
		AnalyzeDomain (616ms)
			BuildScriptInfoCaches (577ms)
			ResolveRequiredComponents (12ms)
	FinalizeReload (1088ms)
		SetupLoadedEditorAssemblies (0ms)
			LogAssemblyErrors (4ms)
			InitializePlatformSupportModulesInManaged (4ms)
			BeforeProcessingInitializeOnLoad (160ms)
			ProcessInitializeOnLoadAttributes (376ms)
			ProcessInitializeOnLoadMethodAttributes (115ms)
			AfterProcessingInitializeOnLoad (8ms)
			EditorAssembliesLoaded (4ms)
		AwakeInstancesAfterBackupRestoration (30ms)
Refreshing native plugins compatible for Editor in 2.37 ms, found 5 plugins.
Unloading 24 Unused Serialized files (Serialized files now loaded: 0)
Unloading 7509 unused Assets / (6.8 MB). Loaded Objects now: 8493.
Memory consumption went from 378.4 MB to 371.6 MB.
Total: 12.087700 ms (FindLiveObjects: 0.960800 ms CreateObjectMapping: 0.910200 ms MarkObjects: 7.695500 ms  DeleteObjects: 2.224000 ms)

Prepare: number of updated asset objects reloaded= 0
========================================================================
Received Import Request.
  Time of request: 2026-09-10T14:02:37.9730283Z
  Time since last request: 4347.2827699999998 seconds.
  importAddress: GUID: 7838be0cf6c3e4444a47044fd4f03260 - Path: Assets/Scripts/PlayerController.cs - Importer: ScriptedImporter/UnityEditor.QuickSearchModule:UnityEditor.Search:ASIAI0B
Importing 'GUID: 7838be0cf6c3e4444a47044fd4f03260 - Path: Assets/Scripts/PlayerController.cs - Importer: ScriptedImporter/UnityEditor.QuickSearchModule:UnityEditor.Search:ASIAI0B' with importer (ScriptedImporter : UnityEditor.QuickSearchModule:UnityEditor.Search:ASIAI0B)
Imported 'GUID: 7838be0cf6c3e4444a47044fd4f03260' -> (Import Result ID: 'f8072608e46a16266d04829f6cde77c1') in 0.100 seconds [static and dynamic dependencies]. Details - ImportResultOutputID=58826c7a62581c7309fd9b274891c06e DependenciesID=76654f599f93b0a02df19fcdc8c5f0e9 StaticDependenciesID=37a8ea059d049c5240980132a12c96e9 
Number of updated asset objects reloaded before import = 0
Number of asset objects unloaded after import = 0
========================================================================
Received Prepare
AcceleratorClientConnectionCallback - disconnected - :0
'Packages/com.unity.render-pipelines.core/Editor/Deprecated.cs' contains partial class of Unity.Object, exactly 1 of the partial classes needs to be in a file with the same filename. This is to know the one that can be referenced from ie. GameObjects
'Packages/com.unity.render-pipelines.core/Editor/Deprecated.cs' contains partial class of Unity.Object, exactly 1 of the partial classes needs to be in a file with the same filename. This is to know the one that can be referenced from ie. GameObjects
Refreshing native plugins compatible for Editor in 2.29 ms, found 5 plugins.
Unloading 24 Unused Serialized files (Serialized files now loaded: 0)
Unloading 7495 unused Assets / (5.9 MB). Loaded Objects now: 8494.
Memory consumption went from 380.3 MB to 374.5 MB.
Total: 10.205400 ms (FindLiveObjects: 0.940900 ms CreateObjectMapping: 0.447900 ms MarkObjects: 6.507100 ms  DeleteObjects: 1.944000 ms)

Prepare: number of updated asset objects reloaded= 0
========================================================================
Received Import Request.
  Time of request: 2026-09-10T14:02:44.2399624Z
  Time since last request: 6.1527844 seconds.
  importAddress: GUID: 3654104dbe70b7c42b51da5823398654 - Path: Assets/Scripts/NoGoZone.cs - Importer: ScriptedImporter/UnityEditor.QuickSearchModule:UnityEditor.Search:ASIAI0B
Importing 'GUID: 3654104dbe70b7c42b51da5823398654 - Path: Assets/Scripts/NoGoZone.cs - Importer: ScriptedImporter/UnityEditor.QuickSearchModule:UnityEditor.Search:ASIAI0B' with importer (ScriptedImporter : UnityEditor.QuickSearchModule:UnityEditor.Search:ASIAI0B)
Imported 'GUID: 3654104dbe70b7c42b51da5823398654' -> (Import Result ID: 'bbb546e286b70fca8c1455b03ead246f') in 0.009 seconds [static and dynamic dependencies]. Details - ImportResultOutputID=7bee4a9a17be27b9ff5d5f09bcd6f795 DependenciesID=7895b9a779a1e6e818c85bad23cea41b StaticDependenciesID=b6b3ad2b3aeb2bc5d2513be5ea7ddbc0 
Number of updated asset objects reloaded before import = 0
Number of asset objects unloaded after import = 0
========================================================================
Received Import Request.
  Time of request: 2026-09-10T14:02:44.2807555Z
  Time since last request: 0.0190919 seconds.
  importAddress: GUID: 3654104dbe70b7c42b51da5823398654 - Path: Assets/Scripts/NoGoZone.cs - Importer: PreviewImporter
Importing 'GUID: 3654104dbe70b7c42b51da5823398654 - Path: Assets/Scripts/NoGoZone.cs - Importer: PreviewImporter' with importer (PreviewImporter)
Imported 'GUID: 3654104dbe70b7c42b51da5823398654' -> (Import Result ID: '3f8a146644b4ece36d315005852a1073') in 0.002 seconds [static and dynamic dependencies]. Details - ImportResultOutputID=7ab5595bbd545345ff11e91a5a8f9fd1 DependenciesID=eb084be7b163d136f006e683c824bf5f StaticDependenciesID=086664f18441284b1d4d32001124d693 
Number of updated asset objects reloaded before import = 0
Number of asset objects unloaded after import = 0
========================================================================
Received Prepare
AcceleratorClientConnectionCallback - disconnected - :0
[Licensing::Client] Successfully resolved entitlement details
Begin MonoManager ReloadAssembly
'Packages/com.unity.render-pipelines.core/Editor/Deprecated.cs' contains partial class of Unity.Object, exactly 1 of the partial classes needs to be in a file with the same filename. This is to know the one that can be referenced from ie. GameObjects
'Packages/com.unity.render-pipelines.core/Editor/Deprecated.cs' contains partial class of Unity.Object, exactly 1 of the partial classes needs to be in a file with the same filename. This is to know the one that can be referenced from ie. GameObjects
Refreshing native plugins compatible for Editor in 8.77 ms, found 5 plugins.
Native extension for WindowsStandalone target not found
Native extension for WebGL target not found
[Package Manager] Failed to launch server process. Reason: Unity was launched with the -noUpm command-line argument
[Package Manager] Unable to send message (not connected to server process).
[Package Manager] Cannot connect to Unity Package Manager local server
[Package Manager] Failed to launch server process. Reason: Unity was launched with the -noUpm command-line argument
[Package Manager] Unable to send message (not connected to server process).
[Package Manager] Cannot connect to Unity Package Manager local server
ScheduleIndexationOnStartup MainProcess:False IndexOnStartup:True
Scripting: successfully reloaded assembly
- Finished resetting the current domain, in  1.685 seconds
Domain Reload Profiling: 3884ms
	BeginReloadAssembly (567ms)
		DisableScriptedObjects (38ms)
		CreateAndSetChildDomain (134ms)
	RebuildCommonClasses (17ms)
	RebuildNativeTypeToScriptingClass (38ms)
	initialDomainReloadingComplete (150ms)
	LoadAllAssembliesAndSetupDomain (1425ms)
		LoadAssemblies (758ms)
		TypeCache.Refresh (21ms)
		AnalyzeDomain (480ms)
			BuildScriptInfoCaches (465ms)
			ResolveRequiredComponents (12ms)
	FinalizeReload (1687ms)
		SetupLoadedEditorAssemblies (0ms)
			LogAssemblyErrors (6ms)
			InitializePlatformSupportModulesInManaged (4ms)
			BeforeProcessingInitializeOnLoad (258ms)
			ProcessInitializeOnLoadAttributes (600ms)
			ProcessInitializeOnLoadMethodAttributes (187ms)
			AfterProcessingInitializeOnLoad (13ms)
			EditorAssembliesLoaded (5ms)
		AwakeInstancesAfterBackupRestoration (49ms)
Refreshing native plugins compatible for Editor in 4.63 ms, found 5 plugins.
Unloading 24 Unused Serialized files (Serialized files now loaded: 0)
Unloading 7510 unused Assets / (8.1 MB). Loaded Objects now: 8497.
Memory consumption went from 380.5 MB to 372.5 MB.
Total: 16.964100 ms (FindLiveObjects: 0.753500 ms CreateObjectMapping: 0.423600 ms MarkObjects: 11.512600 ms  DeleteObjects: 3.809300 ms)

Prepare: number of updated asset objects reloaded= 0
========================================================================
Received Prepare
AcceleratorClientConnectionCallback - disconnected - :0
'Packages/com.unity.render-pipelines.core/Editor/Deprecated.cs' contains partial class of Unity.Object, exactly 1 of the partial classes needs to be in a file with the same filename. This is to know the one that can be referenced from ie. GameObjects
'Packages/com.unity.render-pipelines.core/Editor/Deprecated.cs' contains partial class of Unity.Object, exactly 1 of the partial classes needs to be in a file with the same filename. This is to know the one that can be referenced from ie. GameObjects
Refreshing native plugins compatible for Editor in 2.35 ms, found 5 plugins.
Unloading 24 Unused Serialized files (Serialized files now loaded: 0)
Unloading 7494 unused Assets / (6.4 MB). Loaded Objects now: 8496.
Memory consumption went from 382.5 MB to 376.1 MB.
Total: 23.863300 ms (FindLiveObjects: 1.570300 ms CreateObjectMapping: 0.800000 ms MarkObjects: 19.097300 ms  DeleteObjects: 2.068100 ms)

Prepare: number of updated asset objects reloaded= 0
========================================================================
Received Prepare
AcceleratorClientConnectionCallback - disconnected - :0
[Licensing::Client] Successfully resolved entitlement details
Begin MonoManager ReloadAssembly
'Packages/com.unity.render-pipelines.core/Editor/Deprecated.cs' contains partial class of Unity.Object, exactly 1 of the partial classes needs to be in a file with the same filename. This is to know the one that can be referenced from ie. GameObjects
'Packages/com.unity.render-pipelines.core/Editor/Deprecated.cs' contains partial class of Unity.Object, exactly 1 of the partial classes needs to be in a file with the same filename. This is to know the one that can be referenced from ie. GameObjects
Refreshing native plugins compatible for Editor in 3.10 ms, found 5 plugins.
Native extension for WindowsStandalone target not found
Native extension for WebGL target not found
[Package Manager] Failed to launch server process. Reason: Unity was launched with the -noUpm command-line argument
[Package Manager] Unable to send message (not connected to server process).
[Package Manager] Cannot connect to Unity Package Manager local server
[Package Manager] Failed to launch server process. Reason: Unity was launched with the -noUpm command-line argument
[Package Manager] Unable to send message (not connected to server process).
[Package Manager] Cannot connect to Unity Package Manager local server
ScheduleIndexationOnStartup MainProcess:False IndexOnStartup:True
Scripting: successfully reloaded assembly
- Finished resetting the current domain, in  1.105 seconds
Domain Reload Profiling: 2455ms
	BeginReloadAssembly (418ms)
		DisableScriptedObjects (31ms)
		CreateAndSetChildDomain (117ms)
	RebuildCommonClasses (15ms)
	RebuildNativeTypeToScriptingClass (23ms)
	initialDomainReloadingComplete (90ms)
	LoadAllAssembliesAndSetupDomain (802ms)
		LoadAssemblies (480ms)
		TypeCache.Refresh (14ms)
		AnalyzeDomain (255ms)
			BuildScriptInfoCaches (245ms)
			ResolveRequiredComponents (7ms)
	FinalizeReload (1106ms)
		SetupLoadedEditorAssemblies (0ms)
			InitializePlatformSupportModulesInManaged (3ms)
			BeforeProcessingInitializeOnLoad (159ms)
			ProcessInitializeOnLoadAttributes (489ms)
			ProcessInitializeOnLoadMethodAttributes (112ms)
			AfterProcessingInitializeOnLoad (7ms)
		AwakeInstancesAfterBackupRestoration (30ms)
Refreshing native plugins compatible for Editor in 2.43 ms, found 5 plugins.
Unloading 24 Unused Serialized files (Serialized files now loaded: 0)
Unloading 7509 unused Assets / (6.3 MB). Loaded Objects now: 8499.
Memory consumption went from 387.7 MB to 381.4 MB.
Total: 9.536000 ms (FindLiveObjects: 0.752900 ms CreateObjectMapping: 0.369600 ms MarkObjects: 6.182800 ms  DeleteObjects: 1.993600 ms)

Prepare: number of updated asset objects reloaded= 0
========================================================================
Received Prepare
AcceleratorClientConnectionCallback - disconnected - :0
'Packages/com.unity.render-pipelines.core/Editor/Deprecated.cs' contains partial class of Unity.Object, exactly 1 of the partial classes needs to be in a file with the same filename. This is to know the one that can be referenced from ie. GameObjects
'Packages/com.unity.render-pipelines.core/Editor/Deprecated.cs' contains partial class of Unity.Object, exactly 1 of the partial classes needs to be in a file with the same filename. This is to know the one that can be referenced from ie. GameObjects
Refreshing native plugins compatible for Editor in 2.56 ms, found 5 plugins.
Unloading 24 Unused Serialized files (Serialized files now loaded: 0)
Unloading 7495 unused Assets / (5.6 MB). Loaded Objects now: 8500.
Memory consumption went from 389.7 MB to 384.0 MB.
Total: 9.682800 ms (FindLiveObjects: 0.745000 ms CreateObjectMapping: 0.327000 ms MarkObjects: 6.558100 ms  DeleteObjects: 1.818500 ms)

Prepare: number of updated asset objects reloaded= 0
========================================================================
Received Prepare
AcceleratorClientConnectionCallback - disconnected - :0
Begin MonoManager ReloadAssembly
'Packages/com.unity.render-pipelines.core/Editor/Deprecated.cs' contains partial class of Unity.Object, exactly 1 of the partial classes needs to be in a file with the same filename. This is to know the one that can be referenced from ie. GameObjects
'Packages/com.unity.render-pipelines.core/Editor/Deprecated.cs' contains partial class of Unity.Object, exactly 1 of the partial classes needs to be in a file with the same filename. This is to know the one that can be referenced from ie. GameObjects
Refreshing native plugins compatible for Editor in 3.33 ms, found 5 plugins.
Native extension for WindowsStandalone target not found
Native extension for WebGL target not found
[Package Manager] Failed to launch server process. Reason: Unity was launched with the -noUpm command-line argument
[Package Manager] Unable to send message (not connected to server process).
[Package Manager] Cannot connect to Unity Package Manager local server
[Package Manager] Failed to launch server process. Reason: Unity was launched with the -noUpm command-line argument
[Package Manager] Unable to send message (not connected to server process).
[Package Manager] Cannot connect to Unity Package Manager local server
ScheduleIndexationOnStartup MainProcess:False IndexOnStartup:True
Scripting: successfully reloaded assembly
- Finished resetting the current domain, in  1.344 seconds
Domain Reload Profiling: 2982ms
	BeginReloadAssembly (551ms)
		DisableScriptedObjects (43ms)
		CreateAndSetChildDomain (113ms)
	RebuildCommonClasses (22ms)
	RebuildNativeTypeToScriptingClass (37ms)
	initialDomainReloadingComplete (141ms)
	LoadAllAssembliesAndSetupDomain (885ms)
		LoadAssemblies (560ms)
		TypeCache.Refresh (13ms)
		AnalyzeDomain (295ms)
			BuildScriptInfoCaches (283ms)
			ResolveRequiredComponents (9ms)
	FinalizeReload (1346ms)
		SetupLoadedEditorAssemblies (0ms)
			LogAssemblyErrors (3ms)
			InitializePlatformSupportModulesInManaged (4ms)
			BeforeProcessingInitializeOnLoad (231ms)
			ProcessInitializeOnLoadAttributes (499ms)
			ProcessInitializeOnLoadMethodAttributes (117ms)
			AfterProcessingInitializeOnLoad (7ms)
		AwakeInstancesAfterBackupRestoration (30ms)
Refreshing native plugins compatible for Editor in 2.60 ms, found 5 plugins.
Unloading 24 Unused Serialized files (Serialized files now loaded: 0)
Unloading 7510 unused Assets / (6.5 MB). Loaded Objects now: 8503.
Memory consumption went from 394.6 MB to 388.1 MB.
Total: 10.649900 ms (FindLiveObjects: 0.819900 ms CreateObjectMapping: 0.587900 ms MarkObjects: 6.874500 ms  DeleteObjects: 2.080700 ms)

Prepare: number of updated asset objects reloaded= 0
========================================================================
Received Prepare
AcceleratorClientConnectionCallback - disconnected - :0
[Licensing::Client] Successfully resolved entitlement details
Begin MonoManager ReloadAssembly
'Packages/com.unity.render-pipelines.core/Editor/Deprecated.cs' contains partial class of Unity.Object, exactly 1 of the partial classes needs to be in a file with the same filename. This is to know the one that can be referenced from ie. GameObjects
'Packages/com.unity.render-pipelines.core/Editor/Deprecated.cs' contains partial class of Unity.Object, exactly 1 of the partial classes needs to be in a file with the same filename. This is to know the one that can be referenced from ie. GameObjects
Refreshing native plugins compatible for Editor in 9.35 ms, found 5 plugins.
Native extension for WindowsStandalone target not found
Native extension for WebGL target not found
[Package Manager] Failed to launch server process. Reason: Unity was launched with the -noUpm command-line argument
[Package Manager] Unable to send message (not connected to server process).
[Package Manager] Cannot connect to Unity Package Manager local server
[Package Manager] Failed to launch server process. Reason: Unity was launched with the -noUpm command-line argument
[Package Manager] Unable to send message (not connected to server process).
[Package Manager] Cannot connect to Unity Package Manager local server
ScheduleIndexationOnStartup MainProcess:False IndexOnStartup:True
Scripting: successfully reloaded assembly
- Finished resetting the current domain, in  1.634 seconds
Domain Reload Profiling: 5856ms
	BeginReloadAssembly (1779ms)
		ExecutionOrderSort (9ms)
		DisableScriptedObjects (430ms)
		ReleaseScriptingObjects (4ms)
		CreateAndSetChildDomain (407ms)
	RebuildCommonClasses (24ms)
	RebuildNativeTypeToScriptingClass (43ms)
	initialDomainReloadingComplete (163ms)
	LoadAllAssembliesAndSetupDomain (2211ms)
		LoadAssemblies (1147ms)
		TypeCache.Refresh (141ms)
		AnalyzeDomain (797ms)
			BuildScriptInfoCaches (757ms)
			ResolveRequiredComponents (13ms)
	FinalizeReload (1636ms)
		SetupLoadedEditorAssemblies (0ms)
			LogAssemblyErrors (4ms)
			InitializePlatformSupportModulesInManaged (5ms)
			BeforeProcessingInitializeOnLoad (247ms)
			ProcessInitializeOnLoadAttributes (621ms)
			ProcessInitializeOnLoadMethodAttributes (187ms)
			AfterProcessingInitializeOnLoad (14ms)
			EditorAssembliesLoaded (4ms)
		AwakeInstancesAfterBackupRestoration (47ms)
Refreshing native plugins compatible for Editor in 4.81 ms, found 5 plugins.
Unloading 24 Unused Serialized files (Serialized files now loaded: 0)
Unloading 7510 unused Assets / (7.1 MB). Loaded Objects now: 8506.
Memory consumption went from 399.3 MB to 392.2 MB.
Total: 20.687800 ms (FindLiveObjects: 1.239100 ms CreateObjectMapping: 0.944100 ms MarkObjects: 14.453500 ms  DeleteObjects: 3.722600 ms)

Prepare: number of updated asset objects reloaded= 0
========================================================================
Received Import Request.
  Time of request: 2026-09-10T14:52:53.257792Z
  Time since last request: 3008.95864269999993 seconds.
  importAddress: GUID: 3654104dbe70b7c42b51da5823398654 - Path: Assets/Scripts/NoGoZone.cs - Importer: ScriptedImporter/UnityEditor.QuickSearchModule:UnityEditor.Search:ASIAI0B
Importing 'GUID: 3654104dbe70b7c42b51da5823398654 - Path: Assets/Scripts/NoGoZone.cs - Importer: ScriptedImporter/UnityEditor.QuickSearchModule:UnityEditor.Search:ASIAI0B' with importer (ScriptedImporter : UnityEditor.QuickSearchModule:UnityEditor.Search:ASIAI0B)
Imported 'GUID: 3654104dbe70b7c42b51da5823398654' -> (Import Result ID: '0f32c5d698578992715cca6abc799a05') in 0.113 seconds [static and dynamic dependencies]. Details - ImportResultOutputID=c6728b40c93cd86a824d942447578dc2 DependenciesID=dae16919923d9483c373b8ced0bbeb28 StaticDependenciesID=29f85e3d4118e45779290e7c040d4aa4 
Number of updated asset objects reloaded before import = 0
Number of asset objects unloaded after import = 0
========================================================================
Received Prepare
AcceleratorClientConnectionCallback - disconnected - :0
'Packages/com.unity.render-pipelines.core/Editor/Deprecated.cs' contains partial class of Unity.Object, exactly 1 of the partial classes needs to be in a file with the same filename. This is to know the one that can be referenced from ie. GameObjects
'Packages/com.unity.render-pipelines.core/Editor/Deprecated.cs' contains partial class of Unity.Object, exactly 1 of the partial classes needs to be in a file with the same filename. This is to know the one that can be referenced from ie. GameObjects
Refreshing native plugins compatible for Editor in 7.39 ms, found 5 plugins.
Unloading 24 Unused Serialized files (Serialized files now loaded: 0)
Unloading 7496 unused Assets / (5.5 MB). Loaded Objects now: 8507.
Memory consumption went from 402.9 MB to 397.4 MB.
Total: 11.407100 ms (FindLiveObjects: 0.920600 ms CreateObjectMapping: 0.414400 ms MarkObjects: 7.619300 ms  DeleteObjects: 2.199100 ms)

Prepare: number of updated asset objects reloaded= 0
========================================================================
Received Import Request.
  Time of request: 2026-09-10T14:52:57.8535698Z
  Time since last request: 4.4677146 seconds.
  importAddress: GUID: 15849b12d814b4f4abfd53038ecfa577 - Path: Assets/Scripts/FinishZone.cs - Importer: ScriptedImporter/UnityEditor.QuickSearchModule:UnityEditor.Search:ASIAI0B
Importing 'GUID: 15849b12d814b4f4abfd53038ecfa577 - Path: Assets/Scripts/FinishZone.cs - Importer: ScriptedImporter/UnityEditor.QuickSearchModule:UnityEditor.Search:ASIAI0B' with importer (ScriptedImporter : UnityEditor.QuickSearchModule:UnityEditor.Search:ASIAI0B)
Imported 'GUID: 15849b12d814b4f4abfd53038ecfa577' -> (Import Result ID: 'dafee95e7d171a62bab280f9b49ce130') in 0.058 seconds [static and dynamic dependencies]. Details - ImportResultOutputID=762ff9157b0345413d8262915f1191ca DependenciesID=071db38a61bd6759b4bf268c70f90df0 StaticDependenciesID=5abea71ac269c48fc3b83d85e50a6883 
Number of updated asset objects reloaded before import = 0
Number of asset objects unloaded after import = 0
========================================================================
Received Prepare
AcceleratorClientConnectionCallback - disconnected - :0
[Licensing::Client] Successfully resolved entitlement details
Begin MonoManager ReloadAssembly
'Packages/com.unity.render-pipelines.core/Editor/Deprecated.cs' contains partial class of Unity.Object, exactly 1 of the partial classes needs to be in a file with the same filename. This is to know the one that can be referenced from ie. GameObjects
'Packages/com.unity.render-pipelines.core/Editor/Deprecated.cs' contains partial class of Unity.Object, exactly 1 of the partial classes needs to be in a file with the same filename. This is to know the one that can be referenced from ie. GameObjects
Refreshing native plugins compatible for Editor in 8.83 ms, found 5 plugins.
Native extension for WindowsStandalone target not found
Native extension for WebGL target not found
[Package Manager] Failed to launch server process. Reason: Unity was launched with the -noUpm command-line argument
[Package Manager] Unable to send message (not connected to server process).
[Package Manager] Cannot connect to Unity Package Manager local server
[Package Manager] Failed to launch server process. Reason: Unity was launched with the -noUpm command-line argument
[Package Manager] Unable to send message (not connected to server process).
[Package Manager] Cannot connect to Unity Package Manager local server
ScheduleIndexationOnStartup MainProcess:False IndexOnStartup:True
Scripting: successfully reloaded assembly
- Finished resetting the current domain, in  1.449 seconds
Domain Reload Profiling: 3898ms
	BeginReloadAssembly (579ms)
		DisableScriptedObjects (40ms)
		CreateAndSetChildDomain (109ms)
	RebuildCommonClasses (33ms)
	RebuildNativeTypeToScriptingClass (88ms)
	initialDomainReloadingComplete (185ms)
	LoadAllAssembliesAndSetupDomain (1562ms)
		LoadAssemblies (1003ms)
		TypeCache.Refresh (36ms)
		AnalyzeDomain (477ms)
			BuildScriptInfoCaches (458ms)
			ResolveRequiredComponents (14ms)
	FinalizeReload (1451ms)
		SetupLoadedEditorAssemblies (0ms)
			LogAssemblyErrors (4ms)
			InitializePlatformSupportModulesInManaged (4ms)
			BeforeProcessingInitializeOnLoad (261ms)
			ProcessInitializeOnLoadAttributes (535ms)
			ProcessInitializeOnLoadMethodAttributes (118ms)
			AfterProcessingInitializeOnLoad (10ms)
			EditorAssembliesLoaded (3ms)
		AwakeInstancesAfterBackupRestoration (33ms)
Refreshing native plugins compatible for Editor in 2.77 ms, found 5 plugins.
Unloading 24 Unused Serialized files (Serialized files now loaded: 0)
Unloading 7511 unused Assets / (6.2 MB). Loaded Objects now: 8510.
Memory consumption went from 395.3 MB to 389.0 MB.
Total: 10.520500 ms (FindLiveObjects: 0.919500 ms CreateObjectMapping: 0.513100 ms MarkObjects: 6.830200 ms  DeleteObjects: 1.973600 ms)

Prepare: number of updated asset objects reloaded= 0
========================================================================
Received Import Request.
  Time of request: 2026-09-10T14:53:11.5059305Z
  Time since last request: 13.5799641 seconds.
  importAddress: GUID: 15849b12d814b4f4abfd53038ecfa577 - Path: Assets/Scripts/FinishZone.cs - Importer: PreviewImporter
Importing 'GUID: 15849b12d814b4f4abfd53038ecfa577 - Path: Assets/Scripts/FinishZone.cs - Importer: PreviewImporter' with importer (PreviewImporter)
Imported 'GUID: 15849b12d814b4f4abfd53038ecfa577' -> (Import Result ID: '5fbf1d3bd3801f66090a5409be77cf3b') in 0.006 seconds [static and dynamic dependencies]. Details - ImportResultOutputID=b635b18b65c500670ddf181859126724 DependenciesID=96e072086c4e9042b65989a7e39d0fed StaticDependenciesID=233af932b836ec1b02378f700b5c9273 
Number of updated asset objects reloaded before import = 0
Number of asset objects unloaded after import = 0
========================================================================
Received Prepare
AcceleratorClientConnectionCallback - disconnected - :0
Begin MonoManager ReloadAssembly
'Packages/com.unity.render-pipelines.core/Editor/Deprecated.cs' contains partial class of Unity.Object, exactly 1 of the partial classes needs to be in a file with the same filename. This is to know the one that can be referenced from ie. GameObjects
'Packages/com.unity.render-pipelines.core/Editor/Deprecated.cs' contains partial class of Unity.Object, exactly 1 of the partial classes needs to be in a file with the same filename. This is to know the one that can be referenced from ie. GameObjects
Refreshing native plugins compatible for Editor in 4.05 ms, found 5 plugins.
Native extension for WindowsStandalone target not found
Native extension for WebGL target not found
[Package Manager] Failed to launch server process. Reason: Unity was launched with the -noUpm command-line argument
[Package Manager] Unable to send message (not connected to server process).
[Package Manager] Cannot connect to Unity Package Manager local server
[Package Manager] Failed to launch server process. Reason: Unity was launched with the -noUpm command-line argument
[Package Manager] Unable to send message (not connected to server process).
[Package Manager] Cannot connect to Unity Package Manager local server
ScheduleIndexationOnStartup MainProcess:False IndexOnStartup:True
Scripting: successfully reloaded assembly
- Finished resetting the current domain, in  1.630 seconds
Domain Reload Profiling: 3792ms
	BeginReloadAssembly (589ms)
		DisableScriptedObjects (44ms)
		CreateAndSetChildDomain (135ms)
	RebuildCommonClasses (23ms)
	RebuildNativeTypeToScriptingClass (38ms)
	initialDomainReloadingComplete (148ms)
	LoadAllAssembliesAndSetupDomain (1361ms)
		LoadAssemblies (786ms)
		TypeCache.Refresh (21ms)
		AnalyzeDomain (421ms)
			BuildScriptInfoCaches (404ms)
			ResolveRequiredComponents (12ms)
	FinalizeReload (1632ms)
		SetupLoadedEditorAssemblies (0ms)
			LogAssemblyErrors (5ms)
			InitializePlatformSupportModulesInManaged (5ms)
			BeforeProcessingInitializeOnLoad (255ms)
			ProcessInitializeOnLoadAttributes (607ms)
			ProcessInitializeOnLoadMethodAttributes (177ms)
			AfterProcessingInitializeOnLoad (12ms)
			EditorAssembliesLoaded (3ms)
		AwakeInstancesAfterBackupRestoration (56ms)
Refreshing native plugins compatible for Editor in 2.84 ms, found 5 plugins.
Unloading 24 Unused Serialized files (Serialized files now loaded: 0)
Unloading 7511 unused Assets / (6.4 MB). Loaded Objects now: 8513.
Memory consumption went from 398.3 MB to 392.0 MB.
Total: 12.866700 ms (FindLiveObjects: 0.897800 ms CreateObjectMapping: 0.933100 ms MarkObjects: 8.781900 ms  DeleteObjects: 2.010800 ms)

Prepare: number of updated asset objects reloaded= 0
========================================================================
Received Prepare
AcceleratorClientConnectionCallback - disconnected - :0
Refreshing native plugins compatible for Editor in 2.37 ms, found 5 plugins.
Unloading 24 Unused Serialized files (Serialized files now loaded: 0)
Unloading 24 unused Assets / (3.0 MB). Loaded Objects now: 8513.
Memory consumption went from 395.0 MB to 392.0 MB.
Total: 11.175900 ms (FindLiveObjects: 0.808000 ms CreateObjectMapping: 0.308900 ms MarkObjects: 8.791600 ms  DeleteObjects: 0.967100 ms)

Prepare: number of updated asset objects reloaded= 0
========================================================================
Received Import Request.
  Time of request: 2026-09-10T14:55:14.2900265Z
  Time since last request: 122.76041360000001 seconds.
  importAddress: GUID: 8f586378b4e144a9851e7b34d9b748ee - Path: Assets/TextMesh Pro/Resources/Fonts & Materials/LiberationSans SDF.asset - Importer: PreviewImporter
Importing 'GUID: 8f586378b4e144a9851e7b34d9b748ee - Path: Assets/TextMesh Pro/Resources/Fonts & Materials/LiberationSans SDF.asset - Importer: PreviewImporter' with importer (PreviewImporter)
Imported 'GUID: 8f586378b4e144a9851e7b34d9b748ee' -> (Import Result ID: 'e03240ed92b17be21daf6618a46d4003') in 0.691 seconds [static and dynamic dependencies]. Details - ImportResultOutputID=d861b2252f70c3d132ade42a5aaf8cac DependenciesID=a28760aeafe0ab665b892d8a7160ba1b StaticDependenciesID=903be5cf52d4a80c276d32951420acb1 
Number of updated asset objects reloaded before import = 0
Number of asset objects unloaded after import = 10
========================================================================
Received Import Request.
  Time of request: 2026-09-10T14:55:14.9999466Z
  Time since last request: 0.0017126 seconds.
  importAddress: GUID: 79459efec17a4d00a321bdcc27bbc385 - Path: Assets/TextMesh Pro/Resources/Fonts & Materials/LiberationSans SDF - Outline.mat - Importer: PreviewImporter
Importing 'GUID: 79459efec17a4d00a321bdcc27bbc385 - Path: Assets/TextMesh Pro/Resources/Fonts & Materials/LiberationSans SDF - Outline.mat - Importer: PreviewImporter' with importer (PreviewImporter)
Imported 'GUID: 79459efec17a4d00a321bdcc27bbc385' -> (Import Result ID: '69608e5f0ef82bc3dec3e2d244bca228') in 0.072 seconds [static and dynamic dependencies]. Details - ImportResultOutputID=fb0927117ba8b76594e838e7aed36139 DependenciesID=0f1b5516d23d461c72cd69748a9dff45 StaticDependenciesID=fc9629f01f55eb495942587f8f201ac6 
Number of updated asset objects reloaded before import = 0
Number of asset objects unloaded after import = 3
========================================================================
Received Prepare
AcceleratorClientConnectionCallback - disconnected - :0
[Licensing::Client] Successfully resolved entitlement details
Begin MonoManager ReloadAssembly
'Packages/com.unity.render-pipelines.core/Editor/Deprecated.cs' contains partial class of Unity.Object, exactly 1 of the partial classes needs to be in a file with the same filename. This is to know the one that can be referenced from ie. GameObjects
'Packages/com.unity.render-pipelines.core/Editor/Deprecated.cs' contains partial class of Unity.Object, exactly 1 of the partial classes needs to be in a file with the same filename. This is to know the one that can be referenced from ie. GameObjects
Refreshing native plugins compatible for Editor in 2.16 ms, found 5 plugins.
Native extension for WindowsStandalone target not found
Native extension for WebGL target not found
[Package Manager] Failed to launch server process. Reason: Unity was launched with the -noUpm command-line argument
[Package Manager] Unable to send message (not connected to server process).
[Package Manager] Cannot connect to Unity Package Manager local server
[Package Manager] Failed to launch server process. Reason: Unity was launched with the -noUpm command-line argument
[Package Manager] Unable to send message (not connected to server process).
[Package Manager] Cannot connect to Unity Package Manager local server
ScheduleIndexationOnStartup MainProcess:False IndexOnStartup:True
Scripting: successfully reloaded assembly
- Finished resetting the current domain, in  0.983 seconds
Domain Reload Profiling: 3036ms
	BeginReloadAssembly (480ms)
		DisableScriptedObjects (45ms)
		CreateAndSetChildDomain (169ms)
	RebuildCommonClasses (16ms)
	RebuildNativeTypeToScriptingClass (22ms)
	initialDomainReloadingComplete (91ms)
	LoadAllAssembliesAndSetupDomain (1444ms)
		LoadAssemblies (959ms)
		TypeCache.Refresh (42ms)
		AnalyzeDomain (366ms)
			BuildScriptInfoCaches (353ms)
			ResolveRequiredComponents (7ms)
	FinalizeReload (984ms)
		SetupLoadedEditorAssemblies (0ms)
			LogAssemblyErrors (3ms)
			InitializePlatformSupportModulesInManaged (3ms)
			BeforeProcessingInitializeOnLoad (148ms)
			ProcessInitializeOnLoadAttributes (363ms)
			ProcessInitializeOnLoadMethodAttributes (120ms)
			AfterProcessingInitializeOnLoad (9ms)
			EditorAssembliesLoaded (4ms)
		AwakeInstancesAfterBackupRestoration (29ms)
Refreshing native plugins compatible for Editor in 2.29 ms, found 5 plugins.
Unloading 42 Unused Serialized files (Serialized files now loaded: 0)
Unloading 7528 unused Assets / (9.5 MB). Loaded Objects now: 8582.
Memory consumption went from 410.1 MB to 400.7 MB.
Total: 11.761800 ms (FindLiveObjects: 0.830500 ms CreateObjectMapping: 0.426500 ms MarkObjects: 6.831900 ms  DeleteObjects: 3.432200 ms)

Prepare: number of updated asset objects reloaded= 0
========================================================================
Received Import Request.
  Time of request: 2026-09-10T14:58:24.0105739Z
  Time since last request: 188.92541700000001 seconds.
  importAddress: GUID: 7838be0cf6c3e4444a47044fd4f03260 - Path: Assets/Scripts/PlayerController.cs - Importer: PreviewImporter
Importing 'GUID: 7838be0cf6c3e4444a47044fd4f03260 - Path: Assets/Scripts/PlayerController.cs - Importer: PreviewImporter' with importer (PreviewImporter)
Imported 'GUID: 7838be0cf6c3e4444a47044fd4f03260' -> (Import Result ID: '990972360f5517399ac364b0f69021f4') in 0.004 seconds [static and dynamic dependencies]. Details - ImportResultOutputID=777802bbfc5a0f258a017cf040b7fec1 DependenciesID=6bc1fb50c66f28980e2ef9d0c16fd29e StaticDependenciesID=9acae61c22c61d0d4cb1194b84ed265b 
Number of updated asset objects reloaded before import = 0
Number of asset objects unloaded after import = 0
========================================================================
Received Prepare
AcceleratorClientConnectionCallback - disconnected - :0
'Packages/com.unity.render-pipelines.core/Editor/Deprecated.cs' contains partial class of Unity.Object, exactly 1 of the partial classes needs to be in a file with the same filename. This is to know the one that can be referenced from ie. GameObjects
'Packages/com.unity.render-pipelines.core/Editor/Deprecated.cs' contains partial class of Unity.Object, exactly 1 of the partial classes needs to be in a file with the same filename. This is to know the one that can be referenced from ie. GameObjects
Refreshing native plugins compatible for Editor in 2.49 ms, found 5 plugins.
Unloading 41 Unused Serialized files (Serialized files now loaded: 0)
Unloading 7513 unused Assets / (11.3 MB). Loaded Objects now: 8582.
Memory consumption went from 412.4 MB to 401.1 MB.
Total: 18.433900 ms (FindLiveObjects: 0.945100 ms CreateObjectMapping: 0.591100 ms MarkObjects: 10.535700 ms  DeleteObjects: 6.095400 ms)

Prepare: number of updated asset objects reloaded= 0
========================================================================
Received Prepare
AcceleratorClientConnectionCallback - disconnected - :0
[Licensing::Client] Successfully resolved entitlement details
Begin MonoManager ReloadAssembly
'Packages/com.unity.render-pipelines.core/Editor/Deprecated.cs' contains partial class of Unity.Object, exactly 1 of the partial classes needs to be in a file with the same filename. This is to know the one that can be referenced from ie. GameObjects
'Packages/com.unity.render-pipelines.core/Editor/Deprecated.cs' contains partial class of Unity.Object, exactly 1 of the partial classes needs to be in a file with the same filename. This is to know the one that can be referenced from ie. GameObjects
Refreshing native plugins compatible for Editor in 5.66 ms, found 5 plugins.
Native extension for WindowsStandalone target not found
Native extension for WebGL target not found
[Package Manager] Failed to launch server process. Reason: Unity was launched with the -noUpm command-line argument
[Package Manager] Unable to send message (not connected to server process).
[Package Manager] Cannot connect to Unity Package Manager local server
[Package Manager] Failed to launch server process. Reason: Unity was launched with the -noUpm command-line argument
[Package Manager] Unable to send message (not connected to server process).
[Package Manager] Cannot connect to Unity Package Manager local server
ScheduleIndexationOnStartup MainProcess:False IndexOnStartup:True
Scripting: successfully reloaded assembly
- Finished resetting the current domain, in  1.032 seconds
Domain Reload Profiling: 2825ms
	BeginReloadAssembly (533ms)
		DisableScriptedObjects (43ms)
		CreateAndSetChildDomain (166ms)
	RebuildCommonClasses (16ms)
	RebuildNativeTypeToScriptingClass (22ms)
	initialDomainReloadingComplete (94ms)
	LoadAllAssembliesAndSetupDomain (1128ms)
		LoadAssemblies (631ms)
		TypeCache.Refresh (22ms)
		AnalyzeDomain (420ms)
			BuildScriptInfoCaches (392ms)
			ResolveRequiredComponents (11ms)
	FinalizeReload (1033ms)
		SetupLoadedEditorAssemblies (0ms)
			LogAssemblyErrors (3ms)
			InitializePlatformSupportModulesInManaged (3ms)
			BeforeProcessingInitializeOnLoad (148ms)
			ProcessInitializeOnLoadAttributes (392ms)
			ProcessInitializeOnLoadMethodAttributes (122ms)
			AfterProcessingInitializeOnLoad (8ms)
		AwakeInstancesAfterBackupRestoration (30ms)
Refreshing native plugins compatible for Editor in 2.47 ms, found 5 plugins.
Unloading 41 Unused Serialized files (Serialized files now loaded: 0)
Unloading 7528 unused Assets / (9.2 MB). Loaded Objects now: 8585.
Memory consumption went from 414.6 MB to 405.3 MB.
Total: 13.831700 ms (FindLiveObjects: 0.877300 ms CreateObjectMapping: 0.576600 ms MarkObjects: 7.757600 ms  DeleteObjects: 4.380900 ms)

Prepare: number of updated asset objects reloaded= 0
========================================================================
Received Prepare
AcceleratorClientConnectionCallback - disconnected - :0
[Licensing::Client] Successfully resolved entitlement details
Begin MonoManager ReloadAssembly
'Packages/com.unity.render-pipelines.core/Editor/Deprecated.cs' contains partial class of Unity.Object, exactly 1 of the partial classes needs to be in a file with the same filename. This is to know the one that can be referenced from ie. GameObjects
'Packages/com.unity.render-pipelines.core/Editor/Deprecated.cs' contains partial class of Unity.Object, exactly 1 of the partial classes needs to be in a file with the same filename. This is to know the one that can be referenced from ie. GameObjects
Refreshing native plugins compatible for Editor in 10.26 ms, found 5 plugins.
Native extension for WindowsStandalone target not found
Native extension for WebGL target not found
[Package Manager] Failed to launch server process. Reason: Unity was launched with the -noUpm command-line argument
[Package Manager] Unable to send message (not connected to server process).
[Package Manager] Cannot connect to Unity Package Manager local server
[Package Manager] Failed to launch server process. Reason: Unity was launched with the -noUpm command-line argument
[Package Manager] Unable to send message (not connected to server process).
[Package Manager] Cannot connect to Unity Package Manager local server
ScheduleIndexationOnStartup MainProcess:False IndexOnStartup:True
Scripting: successfully reloaded assembly
- Finished resetting the current domain, in  1.847 seconds
Domain Reload Profiling: 5584ms
	BeginReloadAssembly (1449ms)
		ExecutionOrderSort (3ms)
		DisableScriptedObjects (383ms)
		ReleaseScriptingObjects (3ms)
		CreateAndSetChildDomain (369ms)
	RebuildCommonClasses (26ms)
	RebuildNativeTypeToScriptingClass (35ms)
	initialDomainReloadingComplete (168ms)
	LoadAllAssembliesAndSetupDomain (2058ms)
		LoadAssemblies (1227ms)
		TypeCache.Refresh (40ms)
		AnalyzeDomain (641ms)
			BuildScriptInfoCaches (610ms)
			ResolveRequiredComponents (16ms)
	FinalizeReload (1849ms)
		SetupLoadedEditorAssemblies (0ms)
			LogAssemblyErrors (5ms)
			InitializePlatformSupportModulesInManaged (4ms)
			BeforeProcessingInitializeOnLoad (278ms)
			ProcessInitializeOnLoadAttributes (688ms)
			ProcessInitializeOnLoadMethodAttributes (203ms)
			AfterProcessingInitializeOnLoad (18ms)
			EditorAssembliesLoaded (7ms)
		AwakeInstancesAfterBackupRestoration (66ms)
Refreshing native plugins compatible for Editor in 4.26 ms, found 5 plugins.
Unloading 41 Unused Serialized files (Serialized files now loaded: 0)
Unloading 7528 unused Assets / (9.8 MB). Loaded Objects now: 8588.
Memory consumption went from 417.3 MB to 407.5 MB.
Total: 21.551900 ms (FindLiveObjects: 2.052500 ms CreateObjectMapping: 1.327500 ms MarkObjects: 11.396400 ms  DeleteObjects: 6.295100 ms)

Prepare: number of updated asset objects reloaded= 0
========================================================================
Received Prepare
AcceleratorClientConnectionCallback - disconnected - :0
[Licensing::Client] Successfully resolved entitlement details
Begin MonoManager ReloadAssembly
'Packages/com.unity.render-pipelines.core/Editor/Deprecated.cs' contains partial class of Unity.Object, exactly 1 of the partial classes needs to be in a file with the same filename. This is to know the one that can be referenced from ie. GameObjects
'Packages/com.unity.render-pipelines.core/Editor/Deprecated.cs' contains partial class of Unity.Object, exactly 1 of the partial classes needs to be in a file with the same filename. This is to know the one that can be referenced from ie. GameObjects
Refreshing native plugins compatible for Editor in 2.64 ms, found 5 plugins.
Native extension for WindowsStandalone target not found
Native extension for WebGL target not found
[Package Manager] Failed to launch server process. Reason: Unity was launched with the -noUpm command-line argument
[Package Manager] Unable to send message (not connected to server process).
[Package Manager] Cannot connect to Unity Package Manager local server
[Package Manager] Failed to launch server process. Reason: Unity was launched with the -noUpm command-line argument
[Package Manager] Unable to send message (not connected to server process).
[Package Manager] Cannot connect to Unity Package Manager local server
ScheduleIndexationOnStartup MainProcess:False IndexOnStartup:True
Scripting: successfully reloaded assembly
- Finished resetting the current domain, in  0.977 seconds
Domain Reload Profiling: 2276ms
	BeginReloadAssembly (361ms)
		DisableScriptedObjects (22ms)
		CreateAndSetChildDomain (92ms)
	RebuildCommonClasses (13ms)
	RebuildNativeTypeToScriptingClass (27ms)
	initialDomainReloadingComplete (81ms)
	LoadAllAssembliesAndSetupDomain (815ms)
		LoadAssemblies (488ms)
		TypeCache.Refresh (13ms)
		AnalyzeDomain (245ms)
			BuildScriptInfoCaches (236ms)
			ResolveRequiredComponents (7ms)
	FinalizeReload (978ms)
		SetupLoadedEditorAssemblies (0ms)
			LogAssemblyErrors (3ms)
			InitializePlatformSupportModulesInManaged (3ms)
			BeforeProcessingInitializeOnLoad (153ms)
			ProcessInitializeOnLoadAttributes (346ms)
			ProcessInitializeOnLoadMethodAttributes (112ms)
			AfterProcessingInitializeOnLoad (9ms)
		AwakeInstancesAfterBackupRestoration (29ms)
Refreshing native plugins compatible for Editor in 3.02 ms, found 5 plugins.
Unloading 41 Unused Serialized files (Serialized files now loaded: 0)
Unloading 7528 unused Assets / (9.7 MB). Loaded Objects now: 8591.
Memory consumption went from 421.7 MB to 412.0 MB.
Total: 12.528100 ms (FindLiveObjects: 0.976100 ms CreateObjectMapping: 0.482200 ms MarkObjects: 6.758600 ms  DeleteObjects: 3.890000 ms)

Prepare: number of updated asset objects reloaded= 0
========================================================================
Received Prepare
AcceleratorClientConnectionCallback - disconnected - :0
[Licensing::Client] Successfully resolved entitlement details
Begin MonoManager ReloadAssembly
'Packages/com.unity.render-pipelines.core/Editor/Deprecated.cs' contains partial class of Unity.Object, exactly 1 of the partial classes needs to be in a file with the same filename. This is to know the one that can be referenced from ie. GameObjects
'Packages/com.unity.render-pipelines.core/Editor/Deprecated.cs' contains partial class of Unity.Object, exactly 1 of the partial classes needs to be in a file with the same filename. This is to know the one that can be referenced from ie. GameObjects
Refreshing native plugins compatible for Editor in 2.19 ms, found 5 plugins.
Native extension for WindowsStandalone target not found
Native extension for WebGL target not found
[Package Manager] Failed to launch server process. Reason: Unity was launched with the -noUpm command-line argument
[Package Manager] Unable to send message (not connected to server process).
[Package Manager] Cannot connect to Unity Package Manager local server
[Package Manager] Failed to launch server process. Reason: Unity was launched with the -noUpm command-line argument
[Package Manager] Unable to send message (not connected to server process).
[Package Manager] Cannot connect to Unity Package Manager local server
ScheduleIndexationOnStartup MainProcess:False IndexOnStartup:True
Scripting: successfully reloaded assembly
- Finished resetting the current domain, in  1.064 seconds
Domain Reload Profiling: 2426ms
	BeginReloadAssembly (362ms)
		DisableScriptedObjects (24ms)
		CreateAndSetChildDomain (99ms)
	RebuildCommonClasses (15ms)
	RebuildNativeTypeToScriptingClass (22ms)
	initialDomainReloadingComplete (89ms)
	LoadAllAssembliesAndSetupDomain (872ms)
		LoadAssemblies (491ms)
		TypeCache.Refresh (15ms)
		AnalyzeDomain (283ms)
			BuildScriptInfoCaches (273ms)
			ResolveRequiredComponents (8ms)
	FinalizeReload (1065ms)
		SetupLoadedEditorAssemblies (0ms)
			LogAssemblyErrors (3ms)
			BeforeProcessingInitializeOnLoad (157ms)
			ProcessInitializeOnLoadAttributes (400ms)
			ProcessInitializeOnLoadMethodAttributes (126ms)
			AfterProcessingInitializeOnLoad (8ms)
		AwakeInstancesAfterBackupRestoration (33ms)
Refreshing native plugins compatible for Editor in 2.53 ms, found 5 plugins.
Unloading 41 Unused Serialized files (Serialized files now loaded: 0)
Unloading 7528 unused Assets / (8.8 MB). Loaded Objects now: 8594.
Memory consumption went from 427.1 MB to 418.3 MB.
Total: 13.236300 ms (FindLiveObjects: 0.975600 ms CreateObjectMapping: 0.484400 ms MarkObjects: 8.304700 ms  DeleteObjects: 3.229100 ms)

Prepare: number of updated asset objects reloaded= 0
========================================================================
Received Import Request.
  Time of request: 2026-09-10T15:12:08.4627743Z
  Time since last request: 824.43355710000003 seconds.
  importAddress: GUID: 15849b12d814b4f4abfd53038ecfa577 - Path: Assets/Scripts/FinishZone.cs - Importer: PreviewImporter
Importing 'GUID: 15849b12d814b4f4abfd53038ecfa577 - Path: Assets/Scripts/FinishZone.cs - Importer: PreviewImporter' with importer (PreviewImporter)
Imported 'GUID: 15849b12d814b4f4abfd53038ecfa577' -> (Import Result ID: '7995b84e45d5f69c0b264af812567c43') in 0.070 seconds [static and dynamic dependencies]. Details - ImportResultOutputID=b635b18b65c500670ddf181859126724 DependenciesID=c015a3708d8a8492168c6510aa7ef3d1 StaticDependenciesID=2403bbec88e16f518f9c0c07dbea545b 
Number of updated asset objects reloaded before import = 0
Number of asset objects unloaded after import = 0
========================================================================
Received Prepare
AcceleratorClientConnectionCallback - disconnected - :0
'Packages/com.unity.render-pipelines.core/Editor/Deprecated.cs' contains partial class of Unity.Object, exactly 1 of the partial classes needs to be in a file with the same filename. This is to know the one that can be referenced from ie. GameObjects
'Packages/com.unity.render-pipelines.core/Editor/Deprecated.cs' contains partial class of Unity.Object, exactly 1 of the partial classes needs to be in a file with the same filename. This is to know the one that can be referenced from ie. GameObjects
Refreshing native plugins compatible for Editor in 2.83 ms, found 5 plugins.
Unloading 41 Unused Serialized files (Serialized files now loaded: 0)
Unloading 7513 unused Assets / (9.3 MB). Loaded Objects now: 8594.
Memory consumption went from 427.4 MB to 418.0 MB.
Total: 18.696400 ms (FindLiveObjects: 1.158900 ms CreateObjectMapping: 0.534800 ms MarkObjects: 13.396800 ms  DeleteObjects: 3.360100 ms)

Prepare: number of updated asset objects reloaded= 0
========================================================================
Received Import Request.
  Time of request: 2026-09-10T15:13:23.0019632Z
  Time since last request: 74.4326138 seconds.
  importAddress: GUID: 15849b12d814b4f4abfd53038ecfa577 - Path: Assets/Scripts/FinishZone.cs - Importer: PreviewImporter
Importing 'GUID: 15849b12d814b4f4abfd53038ecfa577 - Path: Assets/Scripts/FinishZone.cs - Importer: PreviewImporter' with importer (PreviewImporter)
Imported 'GUID: 15849b12d814b4f4abfd53038ecfa577' -> (Import Result ID: '9d32e3e441e5717cd47cc2e37f427185') in 0.037 seconds [static and dynamic dependencies]. Details - ImportResultOutputID=b635b18b65c500670ddf181859126724 DependenciesID=5fda07313d1a94be4004b68cd79f7a86 StaticDependenciesID=3ba69552f0ed0d51337451f2c5548105 
Number of updated asset objects reloaded before import = 0
Number of asset objects unloaded after import = 0
========================================================================
Received Prepare
AcceleratorClientConnectionCallback - disconnected - :0
[Licensing::Client] Successfully resolved entitlement details
Begin MonoManager ReloadAssembly
'Packages/com.unity.render-pipelines.core/Editor/Deprecated.cs' contains partial class of Unity.Object, exactly 1 of the partial classes needs to be in a file with the same filename. This is to know the one that can be referenced from ie. GameObjects
'Packages/com.unity.render-pipelines.core/Editor/Deprecated.cs' contains partial class of Unity.Object, exactly 1 of the partial classes needs to be in a file with the same filename. This is to know the one that can be referenced from ie. GameObjects
Refreshing native plugins compatible for Editor in 7.18 ms, found 5 plugins.
Native extension for WindowsStandalone target not found
Native extension for WebGL target not found
[Package Manager] Failed to launch server process. Reason: Unity was launched with the -noUpm command-line argument
[Package Manager] Unable to send message (not connected to server process).
[Package Manager] Cannot connect to Unity Package Manager local server
[Package Manager] Failed to launch server process. Reason: Unity was launched with the -noUpm command-line argument
[Package Manager] Unable to send message (not connected to server process).
[Package Manager] Cannot connect to Unity Package Manager local server
ScheduleIndexationOnStartup MainProcess:False IndexOnStartup:True
Scripting: successfully reloaded assembly
- Finished resetting the current domain, in  1.679 seconds
Domain Reload Profiling: 4500ms
	BeginReloadAssembly (658ms)
		DisableScriptedObjects (55ms)
		CreateAndSetChildDomain (189ms)
	RebuildCommonClasses (29ms)
	RebuildNativeTypeToScriptingClass (42ms)
	initialDomainReloadingComplete (157ms)
	LoadAllAssembliesAndSetupDomain (1933ms)
		LoadAssemblies (1216ms)
		TypeCache.Refresh (27ms)
		AnalyzeDomain (593ms)
			BuildScriptInfoCaches (568ms)
			ResolveRequiredComponents (16ms)
	FinalizeReload (1680ms)
		SetupLoadedEditorAssemblies (0ms)
			LogAssemblyErrors (5ms)
			InitializePlatformSupportModulesInManaged (4ms)
			BeforeProcessingInitializeOnLoad (262ms)
			ProcessInitializeOnLoadAttributes (623ms)
			ProcessInitializeOnLoadMethodAttributes (189ms)
			AfterProcessingInitializeOnLoad (12ms)
			EditorAssembliesLoaded (4ms)
		AwakeInstancesAfterBackupRestoration (47ms)
Refreshing native plugins compatible for Editor in 2.46 ms, found 5 plugins.
Unloading 41 Unused Serialized files (Serialized files now loaded: 0)
Unloading 7528 unused Assets / (7.9 MB). Loaded Objects now: 8597.
Memory consumption went from 421.2 MB to 413.3 MB.
Total: 11.398600 ms (FindLiveObjects: 0.937300 ms CreateObjectMapping: 0.483700 ms MarkObjects: 6.618300 ms  DeleteObjects: 3.113700 ms)

Prepare: number of updated asset objects reloaded= 0
========================================================================
Received Import Request.
  Time of request: 2026-09-10T15:16:10.7957785Z
  Time since last request: 167.742369 seconds.
  importAddress: GUID: e73a58f6e2794ae7b1b7e50b7fb811b0 - Path: Assets/TextMesh Pro/Resources/Fonts & Materials/LiberationSans SDF - Drop Shadow.mat - Importer: ScriptedImporter/UnityEditor.QuickSearchModule:UnityEditor.Search:ASIAI0B
Importing 'GUID: e73a58f6e2794ae7b1b7e50b7fb811b0 - Path: Assets/TextMesh Pro/Resources/Fonts & Materials/LiberationSans SDF - Drop Shadow.mat - Importer: ScriptedImporter/UnityEditor.QuickSearchModule:UnityEditor.Search:ASIAI0B' with importer (ScriptedImporter : UnityEditor.QuickSearchModule:UnityEditor.Search:ASIAI0B)
Imported 'GUID: e73a58f6e2794ae7b1b7e50b7fb811b0' -> (Import Result ID: '4650f54561bb72a228df8b77ba3a3470') in 0.167 seconds [static and dynamic dependencies]. Details - ImportResultOutputID=60298b6fb6e1840292e458e01cfd8338 DependenciesID=1781fdaa88eac12f8f1ede31dd4ca390 StaticDependenciesID=fc2d459d5d8a1344874b4e5500f157cd 
Number of updated asset objects reloaded before import = 0
Number of asset objects unloaded after import = 2
========================================================================
Received Import Request.
  Time of request: 2026-09-10T15:16:11.0002188Z
  Time since last request: 0.016204 seconds.
  importAddress: GUID: bc1ede39bf3643ee8e493720e4259791 - Path: Assets/TextMesh Pro/Shaders/TMP_SDF-Mobile Masking.shader - Importer: ScriptedImporter/UnityEditor.QuickSearchModule:UnityEditor.Search:ASIAI0B
Importing 'GUID: bc1ede39bf3643ee8e493720e4259791 - Path: Assets/TextMesh Pro/Shaders/TMP_SDF-Mobile Masking.shader - Importer: ScriptedImporter/UnityEditor.QuickSearchModule:UnityEditor.Search:ASIAI0B' with importer (ScriptedImporter : UnityEditor.QuickSearchModule:UnityEditor.Search:ASIAI0B)
Imported 'GUID: bc1ede39bf3643ee8e493720e4259791' -> (Import Result ID: '27f45ca0da39272ecbf9c4ba6e044d96') in 0.023 seconds [static and dynamic dependencies]. Details - ImportResultOutputID=fc7269855a282dcd7ba9b0a5bd59d86e DependenciesID=ecbb981a79d5ffea484b8c03fa804ace StaticDependenciesID=c4bb745028783cc2281489e16969bde9 
Number of updated asset objects reloaded before import = 0
Number of asset objects unloaded after import = 1
========================================================================
Received Import Request.
  Time of request: 2026-09-10T15:16:11.0556147Z
  Time since last request: 0.0120105 seconds.
  importAddress: GUID: 85187c2149c549c5b33f0cdb02836b17 - Path: Assets/TextMesh Pro/Shaders/TMP_SDF-Surface-Mobile.shader - Importer: ScriptedImporter/UnityEditor.QuickSearchModule:UnityEditor.Search:ASIAI0B
Importing 'GUID: 85187c2149c549c5b33f0cdb02836b17 - Path: Assets/TextMesh Pro/Shaders/TMP_SDF-Surface-Mobile.shader - Importer: ScriptedImporter/UnityEditor.QuickSearchModule:UnityEditor.Search:ASIAI0B' with importer (ScriptedImporter : UnityEditor.QuickSearchModule:UnityEditor.Search:ASIAI0B)
Imported 'GUID: 85187c2149c549c5b33f0cdb02836b17' -> (Import Result ID: '236298f7dbe94db4f7d98cfe08474590') in 0.005 seconds [static and dynamic dependencies]. Details - ImportResultOutputID=389c65cac38835c5daa6f4d8e8e969e6 DependenciesID=a26dc0e9f48836e95722508552b084c6 StaticDependenciesID=fcce47948219d0a9ee7c08c205df31dd 
Number of updated asset objects reloaded before import = 0
Number of asset objects unloaded after import = 1
========================================================================
Received Import Request.
  Time of request: 2026-09-10T15:16:11.0845492Z
  Time since last request: 0.0026818 seconds.
  importAddress: GUID: 5c6f31a5a80ebc04f8bcfdeed8327fe1 - Path: Assets/TextMesh Pro/Shaders/TMP_SDF SSD SpaceWarp.shader - Importer: ScriptedImporter/UnityEditor.QuickSearchModule:UnityEditor.Search:ASIAI0B
Importing 'GUID: 5c6f31a5a80ebc04f8bcfdeed8327fe1 - Path: Assets/TextMesh Pro/Shaders/TMP_SDF SSD SpaceWarp.shader - Importer: ScriptedImporter/UnityEditor.QuickSearchModule:UnityEditor.Search:ASIAI0B' with importer (ScriptedImporter : UnityEditor.QuickSearchModule:UnityEditor.Search:ASIAI0B)
Imported 'GUID: 5c6f31a5a80ebc04f8bcfdeed8327fe1' -> (Import Result ID: 'c8652cb0fd1b85106693654af1601477') in 0.008 seconds [static and dynamic dependencies]. Details - ImportResultOutputID=0c2f0e07e8c01f75d1518a0f2c423424 DependenciesID=245b386c9419266280e428c55e7764b0 StaticDependenciesID=f774458290eb7a3a8aebe36f72b00cc0 
Number of updated asset objects reloaded before import = 0
Number of asset objects unloaded after import = 1
========================================================================
Received Import Request.
  Time of request: 2026-09-10T15:16:11.120077Z
  Time since last request: 0.001968 seconds.
  importAddress: GUID: fade42e8bc714b018fac513c043d323b - Path: Assets/TextMesh Pro/Resources/LineBreaking Following Characters.txt - Importer: ScriptedImporter/UnityEditor.QuickSearchModule:UnityEditor.Search:ASIAI0B
Importing 'GUID: fade42e8bc714b018fac513c043d323b - Path: Assets/TextMesh Pro/Resources/LineBreaking Following Characters.txt - Importer: ScriptedImporter/UnityEditor.QuickSearchModule:UnityEditor.Search:ASIAI0B' with importer (ScriptedImporter : UnityEditor.QuickSearchModule:UnityEditor.Search:ASIAI0B)
Imported 'GUID: fade42e8bc714b018fac513c043d323b' -> (Import Result ID: '1ca2b2219b3b2a3dd67c110fb285dbfa') in 0.005 seconds [static and dynamic dependencies]. Details - ImportResultOutputID=473a878194f0904e1835a5463399be40 DependenciesID=c26bf8b2743adf8c2c796983304f4864 StaticDependenciesID=dfd2c637af78f9b67bc376c55652d2ee 
Number of updated asset objects reloaded before import = 0
Number of asset objects unloaded after import = 1
========================================================================
Received Import Request.
  Time of request: 2026-09-10T15:16:11.1485357Z
  Time since last request: 0.0016923 seconds.
  importAddress: GUID: e3265ab4bf004d28a9537516768c1c75 - Path: Assets/TextMesh Pro/Fonts/LiberationSans.ttf - Importer: ScriptedImporter/UnityEditor.QuickSearchModule:UnityEditor.Search:ASIAI0B
Importing 'GUID: e3265ab4bf004d28a9537516768c1c75 - Path: Assets/TextMesh Pro/Fonts/LiberationSans.ttf - Importer: ScriptedImporter/UnityEditor.QuickSearchModule:UnityEditor.Search:ASIAI0B' with importer (ScriptedImporter : UnityEditor.QuickSearchModule:UnityEditor.Search:ASIAI0B)
Imported 'GUID: e3265ab4bf004d28a9537516768c1c75' -> (Import Result ID: 'bc716d16cabb690fc42dafc39a83b998') in 0.052 seconds [static and dynamic dependencies]. Details - ImportResultOutputID=f095febd0bbd29fe4b3e8f0ffe7b83d1 DependenciesID=7325ddf1bc3b743e5ccc798a93de53fe StaticDependenciesID=6dda293e2b0de3e7b07592e107f5d679 
Number of updated asset objects reloaded before import = 0
Number of asset objects unloaded after import = 3
========================================================================
Received Import Request.
  Time of request: 2026-09-10T15:16:11.2259852Z
  Time since last request: 0.0012585 seconds.
  importAddress: GUID: b5ab6cb89ffa7004ca59c01dddd06493 - Path: Assets/TextMesh Pro/Shaders/TMP_SDF SpaceWarp.shader - Importer: ScriptedImporter/UnityEditor.QuickSearchModule:UnityEditor.Search:ASIAI0B
Importing 'GUID: b5ab6cb89ffa7004ca59c01dddd06493 - Path: Assets/TextMesh Pro/Shaders/TMP_SDF SpaceWarp.shader - Importer: ScriptedImporter/UnityEditor.QuickSearchModule:UnityEditor.Search:ASIAI0B' with importer (ScriptedImporter : UnityEditor.QuickSearchModule:UnityEditor.Search:ASIAI0B)
Imported 'GUID: b5ab6cb89ffa7004ca59c01dddd06493' -> (Import Result ID: '01545ae61d7055b3126cf2b06ba5891b') in 0.006 seconds [static and dynamic dependencies]. Details - ImportResultOutputID=b96848d19af1ea9ec50f43119198e803 DependenciesID=a8f0d76d637878511a8fda9f15335713 StaticDependenciesID=a0683d465296d043506301c52092bad4 
Number of updated asset objects reloaded before import = 0
Number of asset objects unloaded after import = 1
========================================================================
Received Import Request.
  Time of request: 2026-09-10T15:16:11.2563986Z
  Time since last request: 0.001272 seconds.
  importAddress: GUID: a3d800b099a06e0478fb790c5e79057a - Path: Assets/TextMesh Pro/Shaders/TMP_SDF-URP Lit.shadergraph - Importer: ScriptedImporter/UnityEditor.QuickSearchModule:UnityEditor.Search:ASIAI0B
Importing 'GUID: a3d800b099a06e0478fb790c5e79057a - Path: Assets/TextMesh Pro/Shaders/TMP_SDF-URP Lit.shadergraph - Importer: ScriptedImporter/UnityEditor.QuickSearchModule:UnityEditor.Search:ASIAI0B' with importer (ScriptedImporter : UnityEditor.QuickSearchModule:UnityEditor.Search:ASIAI0B)
Imported 'GUID: a3d800b099a06e0478fb790c5e79057a' -> (Import Result ID: '232e4727badebfc6e392fbd5fb9f870d') in 0.485 seconds [static and dynamic dependencies]. Details - ImportResultOutputID=117bd2e48c2684ab904f81e62d84f3c0 DependenciesID=96ef5a9da0182f3c4af84d19e6a64c67 StaticDependenciesID=442fc457aee01e63fe2322ca200530cc 
Number of updated asset objects reloaded before import = 0
Number of asset objects unloaded after import = 5
========================================================================
Received Import Request.
  Time of request: 2026-09-10T15:16:11.7655521Z
  Time since last request: 0.000265 seconds.
  importAddress: GUID: 48bb5f55d8670e349b6e614913f9d910 - Path: Assets/TextMesh Pro/Shaders/TMP_Bitmap-Custom-Atlas.shader - Importer: ScriptedImporter/UnityEditor.QuickSearchModule:UnityEditor.Search:ASIAI0B
Importing 'GUID: 48bb5f55d8670e349b6e614913f9d910 - Path: Assets/TextMesh Pro/Shaders/TMP_Bitmap-Custom-Atlas.shader - Importer: ScriptedImporter/UnityEditor.QuickSearchModule:UnityEditor.Search:ASIAI0B' with importer (ScriptedImporter : UnityEditor.QuickSearchModule:UnityEditor.Search:ASIAI0B)
Imported 'GUID: 48bb5f55d8670e349b6e614913f9d910' -> (Import Result ID: '2c65974d146bde1391909c1736298552') in 0.006 seconds [static and dynamic dependencies]. Details - ImportResultOutputID=8a55da301cbd3345add72747b329cd89 DependenciesID=490cb6eeeee9a25f2ab3160d83d74c30 StaticDependenciesID=57fa32fcf4ad281909ead682a668f118 
Number of updated asset objects reloaded before import = 0
Number of asset objects unloaded after import = 1
========================================================================
Received Import Request.
  Time of request: 2026-09-10T15:16:11.7907654Z
  Time since last request: 0.0010405 seconds.
  importAddress: GUID: 3654104dbe70b7c42b51da5823398654 - Path: Assets/Scripts/NoGoZone.cs - Importer: ScriptedImporter/UnityEditor.QuickSearchModule:UnityEditor.Search:ASIAI0B
Importing 'GUID: 3654104dbe70b7c42b51da5823398654 - Path: Assets/Scripts/NoGoZone.cs - Importer: ScriptedImporter/UnityEditor.QuickSearchModule:UnityEditor.Search:ASIAI0B' with importer (ScriptedImporter : UnityEditor.QuickSearchModule:UnityEditor.Search:ASIAI0B)
Imported 'GUID: 3654104dbe70b7c42b51da5823398654' -> (Import Result ID: '190436dac987b8fd031d8f7810d9d0f5') in 0.008 seconds [static and dynamic dependencies]. Details - ImportResultOutputID=98e9ed48168ac664bd656d4109621728 DependenciesID=69a53375f4fbe169c5c8408be5a59b05 StaticDependenciesID=088bd83f98292ea0348083e4021a7e00 
Number of updated asset objects reloaded before import = 0
Number of asset objects unloaded after import = 0
========================================================================
Received Import Request.
  Time of request: 2026-09-10T15:16:11.818359Z
  Time since last request: 0.0012214 seconds.
  importAddress: GUID: 96de908384869cd409c75efa351d5edf - Path: Assets/TextMesh Pro/Shaders/SDFFunctions.hlsl - Importer: ScriptedImporter/UnityEditor.QuickSearchModule:UnityEditor.Search:ASIAI0B
Importing 'GUID: 96de908384869cd409c75efa351d5edf - Path: Assets/TextMesh Pro/Shaders/SDFFunctions.hlsl - Importer: ScriptedImporter/UnityEditor.QuickSearchModule:UnityEditor.Search:ASIAI0B' with importer (ScriptedImporter : UnityEditor.QuickSearchModule:UnityEditor.Search:ASIAI0B)
Imported 'GUID: 96de908384869cd409c75efa351d5edf' -> (Import Result ID: '51ca5cba602a59f22a5218cd84045f88') in 0.003 seconds [static and dynamic dependencies]. Details - ImportResultOutputID=c925610025beff0d2105a2ad47fc0d33 DependenciesID=26eeaeab23c748b594101e034d695806 StaticDependenciesID=9a1fd9b25e36646794d90bc01e965092 
Number of updated asset objects reloaded before import = 0
Number of asset objects unloaded after import = 1
========================================================================
Received Import Request.
  Time of request: 2026-09-10T15:16:11.840877Z
  Time since last request: 0.0009355 seconds.
  importAddress: GUID: 731f1baa9d144a9897cb1d341c2092b8 - Path: Assets/TextMesh Pro/Resources/Fonts & Materials - Importer: ScriptedImporter/UnityEditor.QuickSearchModule:UnityEditor.Search:ASIAI0B
Importing 'GUID: 731f1baa9d144a9897cb1d341c2092b8 - Path: Assets/TextMesh Pro/Resources/Fonts & Materials - Importer: ScriptedImporter/UnityEditor.QuickSearchModule:UnityEditor.Search:ASIAI0B' with importer (ScriptedImporter : UnityEditor.QuickSearchModule:UnityEditor.Search:ASIAI0B)
Imported 'GUID: 731f1baa9d144a9897cb1d341c2092b8' -> (Import Result ID: '6077e702daabb3c6e96a7e6a191b555c') in 0.003 seconds [static and dynamic dependencies]. Details - ImportResultOutputID=379c85987be87049871ac2fd2e9ccab1 DependenciesID=609c6a571b7a09d4e0c07f7798cba1a0 StaticDependenciesID=6b27912bb6bb2bca6f690b44b2380425 
Number of updated asset objects reloaded before import = 0
Number of asset objects unloaded after import = 1
========================================================================
Received Import Request.
  Time of request: 2026-09-10T15:16:11.8603962Z
  Time since last request: 0.0007411 seconds.
  importAddress: GUID: 0178fcb869bafef4690d177d31d17db8 - Path: Assets/TextMesh Pro/Shaders/TMP_SDF-Mobile-2-Pass.shader - Importer: ScriptedImporter/UnityEditor.QuickSearchModule:UnityEditor.Search:ASIAI0B
Importing 'GUID: 0178fcb869bafef4690d177d31d17db8 - Path: Assets/TextMesh Pro/Shaders/TMP_SDF-Mobile-2-Pass.shader - Importer: ScriptedImporter/UnityEditor.QuickSearchModule:UnityEditor.Search:ASIAI0B' with importer (ScriptedImporter : UnityEditor.QuickSearchModule:UnityEditor.Search:ASIAI0B)
Imported 'GUID: 0178fcb869bafef4690d177d31d17db8' -> (Import Result ID: '9d4d59884b34e27f5a220ef9f055f1d4') in 0.006 seconds [static and dynamic dependencies]. Details - ImportResultOutputID=f00161dc2f497e48715791029ef2a6e5 DependenciesID=93be46636303b0f6472e3d56f9c21471 StaticDependenciesID=58b6e407ead2bb86548fc3d7c56fae96 
Number of updated asset objects reloaded before import = 0
Number of asset objects unloaded after import = 1
========================================================================
Received Import Request.
  Time of request: 2026-09-10T15:16:11.8850768Z
  Time since last request: 0.0013018 seconds.
  importAddress: GUID: cf81c85f95fe47e1a27f6ae460cf182c - Path: Assets/TextMesh Pro/Shaders/TMP_Sprite.shader - Importer: ScriptedImporter/UnityEditor.QuickSearchModule:UnityEditor.Search:ASIAI0B
Importing 'GUID: cf81c85f95fe47e1a27f6ae460cf182c - Path: Assets/TextMesh Pro/Shaders/TMP_Sprite.shader - Importer: ScriptedImporter/UnityEditor.QuickSearchModule:UnityEditor.Search:ASIAI0B' with importer (ScriptedImporter : UnityEditor.QuickSearchModule:UnityEditor.Search:ASIAI0B)
Imported 'GUID: cf81c85f95fe47e1a27f6ae460cf182c' -> (Import Result ID: 'a1cc3562690327128acb497636356a53') in 0.006 seconds [static and dynamic dependencies]. Details - ImportResultOutputID=85541004e208b3f103125812506c81e9 DependenciesID=518a9b69dfc03f58c5d5015f0dbfc895 StaticDependenciesID=bb4bb10f7089fbde7351f5b5bf532543 
Number of updated asset objects reloaded before import = 0
Number of asset objects unloaded after import = 1
========================================================================
Received Import Request.
  Time of request: 2026-09-10T15:16:11.9162794Z
  Time since last request: 0.0027731 seconds.
  importAddress: GUID: 1e3b057af24249748ff873be7fafee47 - Path: Assets/TextMesh Pro/Shaders/TMP_Bitmap-Mobile.shader - Importer: ScriptedImporter/UnityEditor.QuickSearchModule:UnityEditor.Search:ASIAI0B
Importing 'GUID: 1e3b057af24249748ff873be7fafee47 - Path: Assets/TextMesh Pro/Shaders/TMP_Bitmap-Mobile.shader - Importer: ScriptedImporter/UnityEditor.QuickSearchModule:UnityEditor.Search:ASIAI0B' with importer (ScriptedImporter : UnityEditor.QuickSearchModule:UnityEditor.Search:ASIAI0B)
Imported 'GUID: 1e3b057af24249748ff873be7fafee47' -> (Import Result ID: '5aee1ab17f6d6e77c8081e3fd1c5db43') in 0.004 seconds [static and dynamic dependencies]. Details - ImportResultOutputID=62cdddd4abadf83ffe76a1cc30803d16 DependenciesID=5b36252625bc999e1c6bcb667984429b StaticDependenciesID=741a5add5849244a2ebccb29a3715473 
Number of updated asset objects reloaded before import = 0
Number of asset objects unloaded after import = 1
========================================================================
Received Import Request.
  Time of request: 2026-09-10T15:16:11.9410456Z
  Time since last request: 0.0010773 seconds.
  importAddress: GUID: 407bc68d299748449bbf7f48ee690f8d - Path: Assets/TextMesh Pro/Shaders/TMPro.cginc - Importer: ScriptedImporter/UnityEditor.QuickSearchModule:UnityEditor.Search:ASIAI0B
Importing 'GUID: 407bc68d299748449bbf7f48ee690f8d - Path: Assets/TextMesh Pro/Shaders/TMPro.cginc - Importer: ScriptedImporter/UnityEditor.QuickSearchModule:UnityEditor.Search:ASIAI0B' with importer (ScriptedImporter : UnityEditor.QuickSearchModule:UnityEditor.Search:ASIAI0B)
Imported 'GUID: 407bc68d299748449bbf7f48ee690f8d' -> (Import Result ID: '504fee3829816c3bc690be048f1b8327') in 0.004 seconds [static and dynamic dependencies]. Details - ImportResultOutputID=0d65e69865514925b12e7d851b7b1357 DependenciesID=0515cade81f68e7402f67bc8980fc55f StaticDependenciesID=d9d3699bc9408042945f026e59095056 
Number of updated asset objects reloaded before import = 0
Number of asset objects unloaded after import = 1
========================================================================
Received Import Request.
  Time of request: 2026-09-10T15:16:11.9620354Z
  Time since last request: 0.0010319 seconds.
  importAddress: GUID: 68e6db2ebdc24f95958faec2be5558d6 - Path: Assets/TextMesh Pro/Shaders/TMP_SDF.shader - Importer: ScriptedImporter/UnityEditor.QuickSearchModule:UnityEditor.Search:ASIAI0B
Importing 'GUID: 68e6db2ebdc24f95958faec2be5558d6 - Path: Assets/TextMesh Pro/Shaders/TMP_SDF.shader - Importer: ScriptedImporter/UnityEditor.QuickSearchModule:UnityEditor.Search:ASIAI0B' with importer (ScriptedImporter : UnityEditor.QuickSearchModule:UnityEditor.Search:ASIAI0B)
Imported 'GUID: 68e6db2ebdc24f95958faec2be5558d6' -> (Import Result ID: 'fd97cd33e2cd73c205d47efea1ffcf9a') in 0.009 seconds [static and dynamic dependencies]. Details - ImportResultOutputID=70228f2026e69372e8605e2f346b6821 DependenciesID=439a7c73341eb3b0001dbbb7f88802e9 StaticDependenciesID=0cb1c353ccfcb419cfcecb472d6b09bb 
Number of updated asset objects reloaded before import = 0
Number of asset objects unloaded after import = 1
========================================================================
Received Import Request.
  Time of request: 2026-09-10T15:16:11.9869001Z
  Time since last request: 0.0010754 seconds.
  importAddress: GUID: 3997e2241185407d80309a82f9148466 - Path: Assets/TextMesh Pro/Shaders/TMPro_Properties.cginc - Importer: ScriptedImporter/UnityEditor.QuickSearchModule:UnityEditor.Search:ASIAI0B
Importing 'GUID: 3997e2241185407d80309a82f9148466 - Path: Assets/TextMesh Pro/Shaders/TMPro_Properties.cginc - Importer: ScriptedImporter/UnityEditor.QuickSearchModule:UnityEditor.Search:ASIAI0B' with importer (ScriptedImporter : UnityEditor.QuickSearchModule:UnityEditor.Search:ASIAI0B)
Imported 'GUID: 3997e2241185407d80309a82f9148466' -> (Import Result ID: '1b8a2791133c266f6b27bc40e72aaef2') in 0.003 seconds [static and dynamic dependencies]. Details - ImportResultOutputID=89150b3ad63dffb8b5c4cefecc2067a2 DependenciesID=2eee2a7a6613b88b6561359a20f11c6a StaticDependenciesID=706c2b42319950aa473885d6f24e1ca1 
Number of updated asset objects reloaded before import = 0
Number of asset objects unloaded after import = 1
========================================================================
Received Import Request.
  Time of request: 2026-09-10T15:16:12.0062301Z
  Time since last request: 0.0010529 seconds.
  importAddress: GUID: 8f586378b4e144a9851e7b34d9b748ee - Path: Assets/TextMesh Pro/Resources/Fonts & Materials/LiberationSans SDF.asset - Importer: ScriptedImporter/UnityEditor.QuickSearchModule:UnityEditor.Search:ASIAI0B
Importing 'GUID: 8f586378b4e144a9851e7b34d9b748ee - Path: Assets/TextMesh Pro/Resources/Fonts & Materials/LiberationSans SDF.asset - Importer: ScriptedImporter/UnityEditor.QuickSearchModule:UnityEditor.Search:ASIAI0B' with importer (ScriptedImporter : UnityEditor.QuickSearchModule:UnityEditor.Search:ASIAI0B)
Imported 'GUID: 8f586378b4e144a9851e7b34d9b748ee' -> (Import Result ID: 'eccc02e192745293817249d9fdf625a5') in 0.050 seconds [static and dynamic dependencies]. Details - ImportResultOutputID=77aa0faed5e76adcd0fa559fa8113f4d DependenciesID=d2bb10808ba6a1abc3bde62ead63edda StaticDependenciesID=ff3b2ce013f640ffa930170dee7bc366 
Number of updated asset objects reloaded before import = 0
Number of asset objects unloaded after import = 8
========================================================================
Received Import Request.
  Time of request: 2026-09-10T15:16:12.071068Z
  Time since last request: 0.0006733 seconds.
  importAddress: GUID: 2e498d1c8094910479dc3e1b768306a4 - Path: Assets/TextMesh Pro/Resources/Fonts & Materials/LiberationSans SDF - Fallback.asset - Importer: ScriptedImporter/UnityEditor.QuickSearchModule:UnityEditor.Search:ASIAI0B
Importing 'GUID: 2e498d1c8094910479dc3e1b768306a4 - Path: Assets/TextMesh Pro/Resources/Fonts & Materials/LiberationSans SDF - Fallback.asset - Importer: ScriptedImporter/UnityEditor.QuickSearchModule:UnityEditor.Search:ASIAI0B' with importer (ScriptedImporter : UnityEditor.QuickSearchModule:UnityEditor.Search:ASIAI0B)
Imported 'GUID: 2e498d1c8094910479dc3e1b768306a4' -> (Import Result ID: '0bf7985a8e7112f14458a455afeb082d') in 0.010 seconds [static and dynamic dependencies]. Details - ImportResultOutputID=1ddc4c36b6e52eaa75d48dae3cbfdcb7 DependenciesID=671ce307ff1e77af4e03339cdd65d7fc StaticDependenciesID=6f47e8aaee87e94a16d56f7c733472ef 
Number of updated asset objects reloaded before import = 0
Number of asset objects unloaded after import = 5
========================================================================
Received Import Request.
  Time of request: 2026-09-10T15:16:12.0984446Z
  Time since last request: 0.0008094 seconds.
  importAddress: GUID: f7ada0af4f174f0694ca6a487b8f543d - Path: Assets/TextMesh Pro/Shaders/TMP_SDF-Surface.shader - Importer: ScriptedImporter/UnityEditor.QuickSearchModule:UnityEditor.Search:ASIAI0B
Importing 'GUID: f7ada0af4f174f0694ca6a487b8f543d - Path: Assets/TextMesh Pro/Shaders/TMP_SDF-Surface.shader - Importer: ScriptedImporter/UnityEditor.QuickSearchModule:UnityEditor.Search:ASIAI0B' with importer (ScriptedImporter : UnityEditor.QuickSearchModule:UnityEditor.Search:ASIAI0B)
Imported 'GUID: f7ada0af4f174f0694ca6a487b8f543d' -> (Import Result ID: '2e57652757a48fc9d42e29147713624a') in 0.006 seconds [static and dynamic dependencies]. Details - ImportResultOutputID=35a6619af94e92fe41e21d605384d474 DependenciesID=02d071bc9cf589545baa65f6d9adc9c6 StaticDependenciesID=65e5386c8bbaed134beab3ceaa3843fc 
Number of updated asset objects reloaded before import = 0
Number of asset objects unloaded after import = 1
========================================================================
Received Import Request.
  Time of request: 2026-09-10T15:16:12.1229375Z
  Time since last request: 0.0012154 seconds.
  importAddress: GUID: 7838be0cf6c3e4444a47044fd4f03260 - Path: Assets/Scripts/PlayerController.cs - Importer: ScriptedImporter/UnityEditor.QuickSearchModule:UnityEditor.Search:ASIAI0B
Importing 'GUID: 7838be0cf6c3e4444a47044fd4f03260 - Path: Assets/Scripts/PlayerController.cs - Importer: ScriptedImporter/UnityEditor.QuickSearchModule:UnityEditor.Search:ASIAI0B' with importer (ScriptedImporter : UnityEditor.QuickSearchModule:UnityEditor.Search:ASIAI0B)
Imported 'GUID: 7838be0cf6c3e4444a47044fd4f03260' -> (Import Result ID: '86897f7423a3a0feaa357d563b0da6f2') in 0.003 seconds [static and dynamic dependencies]. Details - ImportResultOutputID=9246dc448416d9cbec4236d527bc8085 DependenciesID=f961349d888f1a5f84f02d7c019a9b5b StaticDependenciesID=7d42517875a66f7e4e021e4e43537d22 
Number of updated asset objects reloaded before import = 0
Number of asset objects unloaded after import = 0
========================================================================
Received Import Request.
  Time of request: 2026-09-10T15:16:12.1428301Z
  Time since last request: 0.0015128 seconds.
  importAddress: GUID: d930090c0cd643c7b55f19a38538c162 - Path: Assets/TextMesh Pro/Shaders/TMPro_Surface.cginc - Importer: ScriptedImporter/UnityEditor.QuickSearchModule:UnityEditor.Search:ASIAI0B
Importing 'GUID: d930090c0cd643c7b55f19a38538c162 - Path: Assets/TextMesh Pro/Shaders/TMPro_Surface.cginc - Importer: ScriptedImporter/UnityEditor.QuickSearchModule:UnityEditor.Search:ASIAI0B' with importer (ScriptedImporter : UnityEditor.QuickSearchModule:UnityEditor.Search:ASIAI0B)
Imported 'GUID: d930090c0cd643c7b55f19a38538c162' -> (Import Result ID: 'b08f32c8ddb0337e352d67d11e41066c') in 0.003 seconds [static and dynamic dependencies]. Details - ImportResultOutputID=40a984bb09781e172f0cb2c274292455 DependenciesID=1f35793e1d68b1d399dd417a6df8bb97 StaticDependenciesID=01fa384738023a1a32686b5f435f94a3 
Number of updated asset objects reloaded before import = 0
Number of asset objects unloaded after import = 1
========================================================================
Received Import Request.
  Time of request: 2026-09-10T15:16:12.1644692Z
  Time since last request: 0.0004672 seconds.
  importAddress: GUID: fe393ace9b354375a9cb14cdbbc28be4 - Path: Assets/TextMesh Pro/Shaders/TMP_SDF-Mobile.shader - Importer: ScriptedImporter/UnityEditor.QuickSearchModule:UnityEditor.Search:ASIAI0B
Importing 'GUID: fe393ace9b354375a9cb14cdbbc28be4 - Path: Assets/TextMesh Pro/Shaders/TMP_SDF-Mobile.shader - Importer: ScriptedImporter/UnityEditor.QuickSearchModule:UnityEditor.Search:ASIAI0B' with importer (ScriptedImporter : UnityEditor.QuickSearchModule:UnityEditor.Search:ASIAI0B)
Imported 'GUID: fe393ace9b354375a9cb14cdbbc28be4' -> (Import Result ID: '006319405df1271c1c725d53684ec7b4') in 0.005 seconds [static and dynamic dependencies]. Details - ImportResultOutputID=42a8021ccc8c4d4bdee3eefa79205c94 DependenciesID=3224a86f268c2c03936a59784c5b70a0 StaticDependenciesID=9a17250ff5e70435394fa698c19b403d 
Number of updated asset objects reloaded before import = 0
Number of asset objects unloaded after import = 1
========================================================================
Received Import Request.
  Time of request: 2026-09-10T15:16:12.1864497Z
  Time since last request: 0.0010855 seconds.
  importAddress: GUID: 14eb328de4b8eb245bb7cea29e4ac00b - Path: Assets/TextMesh Pro/Shaders/TMP_SDF SSD.shader - Importer: ScriptedImporter/UnityEditor.QuickSearchModule:UnityEditor.Search:ASIAI0B
Importing 'GUID: 14eb328de4b8eb245bb7cea29e4ac00b - Path: Assets/TextMesh Pro/Shaders/TMP_SDF SSD.shader - Importer: ScriptedImporter/UnityEditor.QuickSearchModule:UnityEditor.Search:ASIAI0B' with importer (ScriptedImporter : UnityEditor.QuickSearchModule:UnityEditor.Search:ASIAI0B)
Imported 'GUID: 14eb328de4b8eb245bb7cea29e4ac00b' -> (Import Result ID: '0553d015803441a026dbaa04f9c7fe61') in 0.007 seconds [static and dynamic dependencies]. Details - ImportResultOutputID=801ba303bb3884cf8ec3e4df44f709c3 DependenciesID=73fca69114d180f9e69ef001fbf051a7 StaticDependenciesID=d047cea5db06556051c23dabab78b8b9 
Number of updated asset objects reloaded before import = 0
Number of asset objects unloaded after import = 1
========================================================================
Received Import Request.
  Time of request: 2026-09-10T15:16:12.2134147Z
  Time since last request: 0.0017062 seconds.
  importAddress: GUID: 128e987d567d4e2c824d754223b3f3b0 - Path: Assets/TextMesh Pro/Shaders/TMP_Bitmap.shader - Importer: ScriptedImporter/UnityEditor.QuickSearchModule:UnityEditor.Search:ASIAI0B
Importing 'GUID: 128e987d567d4e2c824d754223b3f3b0 - Path: Assets/TextMesh Pro/Shaders/TMP_Bitmap.shader - Importer: ScriptedImporter/UnityEditor.QuickSearchModule:UnityEditor.Search:ASIAI0B' with importer (ScriptedImporter : UnityEditor.QuickSearchModule:UnityEditor.Search:ASIAI0B)
Imported 'GUID: 128e987d567d4e2c824d754223b3f3b0' -> (Import Result ID: '84ea62f42e639adf08918414ee6fa257') in 0.005 seconds [static and dynamic dependencies]. Details - ImportResultOutputID=ba28a18dc27682eac99c74ed18ba2857 DependenciesID=9bf88db65231522e6b8e04b33321d6eb StaticDependenciesID=82bb7749bb4acbfca556a3834bbd64de 
Number of updated asset objects reloaded before import = 0
Number of asset objects unloaded after import = 1
Editor requested this worker to shutdown with reason: Scaling down because of idle timeout
AssetImportWorkerClient::OnTransportError - code=2 error=End of file
AcceleratorClientConnectionCallback - disconnected - :0
AssetImportWorker is now disconnected from the server
Process exiting
[ExitDontLaunchBugReporter] Exiting without the bug reporter. Application will exit with return code 0
